,image,label
0,43_0_0_20170104181239741.jpg,1
1,32_0_0_20170117133625422.jpg,0
2,43_1_4_20170117204021688.jpg,1
3,27_1_3_20170117180032189.jpg,0
4,48_0_0_20170104213027877.jpg,0
5,26_1_2_20170116180223543.jpg,0
6,26_1_3_20170104232139409.jpg,0
7,30_0_0_20170116222414030.jpg,1
8,34_0_0_20170114031602748.jpg,1
9,60_1_0_20170110183850108.jpg,0
10,80_1_0_20170110141751087.jpg,1
11,46_0_1_20170117182528088.jpg,0
12,29_1_3_20170104214540068.jpg,0
13,28_0_1_20170117021617321.jpg,0
14,18_1_4_20161223232148173.jpg,0
15,30_0_0_20170117142111641.jpg,0
16,18_0_0_20170117135529944.jpg,1
17,25_1_1_20170116002112614.jpg,0
18,26_1_0_20170117173257366.jpg,0
19,44_1_0_20170116222639625.jpg,1
20,35_1_1_20170117154230213.jpg,0
21,24_1_0_20170116211933213.jpg,0
22,32_1_0_20170117134820910.jpg,0
23,21_1_4_20170103180619480.jpg,1
24,26_1_1_20170116162105745.jpg,0
25,25_1_3_20170104214624646.jpg,0
26,60_1_0_20170110141610416.jpg,1
27,40_0_4_20170117013731866.jpg,0
28,46_0_0_20170109012425702.jpg,0
29,26_1_1_20170112213116517.jpg,0
30,26_0_0_20170117173416661.jpg,0
31,25_0_0_20170117195019627.jpg,0
32,27_0_2_20170116174628743.jpg,1
33,32_1_2_20170113002101524.jpg,0
34,47_1_0_20170110123140034.jpg,0
35,52_0_0_20170104210519108.jpg,1
36,29_0_0_20170117180808770.jpg,1
37,28_0_0_20170117180237845.jpg,1
38,25_0_3_20170117135721856.jpg,0
39,38_1_0_20170104202430130.jpg,1
40,29_1_0_20170104170615233.jpg,0
41,19_1_1_20170112231417629.jpg,1
42,28_0_4_20170116220531686.jpg,0
43,51_1_4_20170103234622539.jpg,0
44,24_1_4_20170116220449622.jpg,0
45,26_0_1_20170116233406148.jpg,0
46,22_1_1_20170112233701320.jpg,1
47,45_0_0_20170117185004664.jpg,0
48,30_1_1_20170112215101145.jpg,1
49,65_1_0_20170110182826116.jpg,1
50,59_1_0_20170110160643688.jpg,0
51,32_1_3_20170104232404770.jpg,0
52,39_0_0_20170105165203483.jpg,0
53,22_1_4_20170103212717246.jpg,1
54,21_1_0_20170117142612442.jpg,1
55,31_1_0_20170117133433345.jpg,0
56,40_1_0_20170111182452872.jpg,0
57,25_1_2_20170104020903060.jpg,1
58,31_1_0_20170105162529475.jpg,1
59,35_1_3_20170104235136827.jpg,0
60,51_0_4_20170104210348196.jpg,0
61,29_0_4_20170117180914972.jpg,0
62,28_0_0_20170117021206167.jpg,0
63,24_1_2_20170104020224692.jpg,0
64,75_1_0_20170110181743217.jpg,0
65,32_1_0_20170104172950778.jpg,0
66,36_0_0_20170104205158732.jpg,0
67,32_0_1_20170117140748207.jpg,0
68,29_0_1_20170117103813080.jpg,0
69,46_1_0_20170110154306423.jpg,1
70,17_0_0_20170110232027271.jpg,0
71,26_0_4_20170117153949109.jpg,0
72,16_0_0_20170110231910518.jpg,0
73,22_1_3_20170104231706746.jpg,0
74,80_1_0_20170110183156137.jpg,1
75,24_1_0_20170105183445456.jpg,0
76,20_1_0_20170114031424981.jpg,1
77,25_0_0_20170117195255340.jpg,0
78,38_0_1_20170114033516210.jpg,0
79,32_1_0_20170117114915962.jpg,0
80,26_0_2_20170116175516176.jpg,0
81,23_1_4_20170103224258631.jpg,1
82,45_0_0_20170117182811973.jpg,1
83,24_1_0_20170108225915369.jpg,0
84,17_1_1_20170114030034621.jpg,1
85,38_0_0_20170117184826871.jpg,1
86,24_1_3_20170104222359247.jpg,1
87,45_0_4_20170104202016610.jpg,0
88,41_1_0_20170117135713137.jpg,1
89,33_1_4_20170117174234414.jpg,0
90,29_0_1_20170117104603706.jpg,0
91,48_1_0_20170117003356908.jpg,0
92,38_1_1_20170113010502255.jpg,0
93,28_1_3_20170104232440417.jpg,0
94,28_1_2_20170116190129400.jpg,0
95,57_0_0_20170109001651801.jpg,0
96,22_1_3_20170104232021658.jpg,1
97,23_1_0_20170103163102400.jpg,0
98,27_1_1_20170117013811568.jpg,0
99,26_0_4_20170117200446422.jpg,1
100,40_0_3_20170116233105322.jpg,1
101,69_1_0_20170110175803672.jpg,1
102,30_1_0_20170117135952703.jpg,1
103,26_0_1_20170113135416706.jpg,1
104,18_1_0_20170109213856511.jpg,0
105,37_1_3_20170117183437046.jpg,0
106,54_1_3_20170109142901150.jpg,0
107,24_0_1_20170116204940167.jpg,0
108,31_0_1_20170113175408636.jpg,0
109,28_1_2_20170108224230864.jpg,1
110,26_0_1_20170116210257827.jpg,0
111,26_0_1_20170113152845329.jpg,0
112,42_1_1_20170117163844791.jpg,0
113,24_1_0_20170111182452781.jpg,0
114,25_0_1_20170116002835308.jpg,0
115,47_0_0_20170109012320435.jpg,0
116,35_1_2_20170117123949303.jpg,1
117,23_1_0_20170117142807780.jpg,1
118,21_1_2_20170116170727930.jpg,0
119,26_1_2_20170116184639426.jpg,0
120,28_0_1_20170117020012900.jpg,1
121,26_1_0_20170116193313554.jpg,0
122,26_1_0_20170117201947511.jpg,0
123,50_0_1_20170113184346534.jpg,1
124,16_1_0_20170109212525685.jpg,0
125,23_1_0_20170112234310143.jpg,0
126,20_1_2_20170108224309241.jpg,0
127,24_0_4_20170117194350012.jpg,0
128,26_1_1_20170116234800903.jpg,0
129,17_1_1_20170112234115471.jpg,0
130,25_0_1_20170116002531253.jpg,1
131,31_1_1_20170117135046063.jpg,0
132,37_1_0_20170103183009635.jpg,0
133,35_0_1_20170117143130961.jpg,0
134,31_1_1_20170117162539709.jpg,0
135,28_1_0_20170117175333441.jpg,1
136,21_1_4_20170117193754349.jpg,1
137,35_0_0_20170108224654643.jpg,1
138,53_0_0_20170104204651866.jpg,0
139,24_1_1_20170113011408288.jpg,0
140,32_0_0_20170117134725446.jpg,0
141,26_0_3_20170104230427081.jpg,0
142,29_0_0_20170103181910385.jpg,0
143,52_1_3_20170109133955934.jpg,0
144,54_0_0_20170104212608413.jpg,1
145,40_1_0_20170109220527167.jpg,1
146,29_1_4_20170117123747223.jpg,1
147,20_0_3_20170104225831145.jpg,0
148,47_0_0_20170113210126541.jpg,0
149,29_0_0_20170117180729137.jpg,1
150,36_0_1_20170113184110991.jpg,0
151,19_0_0_20170117140603777.jpg,0
152,28_1_3_20170109132916902.jpg,0
153,36_0_0_20170117135559253.jpg,0
154,52_0_0_20170111195726274.jpg,1
155,40_0_0_20170117135440354.jpg,1
156,35_0_0_20170117000310436.jpg,1
157,43_0_4_20170104174223892.jpg,0
158,42_0_0_20170117185725872.jpg,0
159,68_0_1_20170111195820243.jpg,1
160,22_1_3_20170104232504850.jpg,1
161,22_1_4_20170103225112465.jpg,0
162,24_1_2_20170116171634283.jpg,0
163,69_1_0_20170110140940217.jpg,1
164,20_1_1_20170113005500606.jpg,0
165,38_1_3_20170105002639123.jpg,0
166,26_0_1_20170113152156561.jpg,0
167,22_1_0_20170116214345265.jpg,1
168,26_0_0_20170117171759796.jpg,0
169,27_0_1_20170117012341879.jpg,1
170,46_0_0_20170104205306203.jpg,1
171,32_0_4_20170104000716333.jpg,1
172,28_0_2_20170113190312841.jpg,0
173,28_0_2_20170116190109349.jpg,1
174,38_0_1_20170113174609987.jpg,0
175,37_0_1_20170116002833730.jpg,1
176,18_1_1_20170114030232014.jpg,0
177,27_1_4_20170112234325680.jpg,1
178,35_0_4_20170117142259383.jpg,0
179,26_0_1_20170113152847713.jpg,0
180,25_1_2_20170116175258251.jpg,1
181,26_0_0_20170117173447156.jpg,0
182,40_0_0_20170105172450332.jpg,1
183,28_1_0_20170117022353982.jpg,0
184,26_0_1_20170113134249474.jpg,0
185,43_1_1_20170117155120541.jpg,1
186,47_0_0_20170105173138581.jpg,1
187,17_0_0_20170113132359393.jpg,0
188,23_1_2_20170116173108901.jpg,0
189,38_1_1_20170116024040944.jpg,0
190,32_1_1_20170113001310242.jpg,0
191,28_1_4_20170117202541845.jpg,1
192,20_0_1_20170116204110339.jpg,0
193,35_1_0_20170117183059886.jpg,0
194,30_1_0_20170117181422492.jpg,0
195,28_1_1_20170116231251529.jpg,0
196,27_0_0_20170116205016692.jpg,0
197,61_1_0_20170110160643735.jpg,0
198,32_1_2_20170105173433822.jpg,1
199,22_1_1_20170103175340561.jpg,1
200,36_0_1_20170113152749711.jpg,0
201,28_0_3_20170117120959404.jpg,0
202,35_1_0_20170117170842874.jpg,1
203,50_0_0_20170113184545256.jpg,1
204,34_1_0_20170103230321513.jpg,0
205,39_0_0_20170105172508901.jpg,1
206,36_0_1_20170116193840027.jpg,0
207,26_1_3_20170117153326979.jpg,0
208,23_1_2_20170116172850931.jpg,0
209,18_0_0_20170110231228322.jpg,1
210,54_0_0_20170105170040476.jpg,0
211,80_1_0_20170110181333958.jpg,0
212,28_0_1_20170113141527026.jpg,0
213,24_0_2_20170116165518844.jpg,0
214,26_1_1_20170117200948582.jpg,0
215,26_1_1_20170116164434468.jpg,0
216,26_0_3_20170113182519667.jpg,0
217,42_1_0_20170117154907268.jpg,1
218,21_1_1_20170112202848978.jpg,0
219,27_1_2_20170116172637915.jpg,1
220,25_0_2_20170116174816852.jpg,0
221,30_1_1_20170113001440458.jpg,0
222,20_1_4_20170103201807368.jpg,1
223,29_1_1_20170116003342475.jpg,1
224,26_0_1_20170113134354008.jpg,0
225,74_0_0_20170111224032125.jpg,0
226,56_1_0_20170110123126617.jpg,0
227,30_0_0_20170117151331469.jpg,1
228,26_0_0_20170113210127400.jpg,0
229,20_1_0_20170105002441599.jpg,1
230,41_0_3_20170109140906863.jpg,0
231,40_0_0_20170116232933985.jpg,0
232,50_1_0_20170105162633419.jpg,1
233,24_1_2_20170116171616382.jpg,0
234,27_0_0_20170117010049965.jpg,0
235,26_0_0_20170116224821430.jpg,0
236,35_0_2_20170116191717131.jpg,0
237,35_0_0_20170117152238029.jpg,1
238,37_1_0_20170103183012994.jpg,0
239,32_1_1_20170115235801065.jpg,0
240,35_0_0_20170117203240562.jpg,1
241,17_0_0_20170110232044494.jpg,1
242,50_0_0_20170104204857675.jpg,1
243,38_0_2_20170116192308542.jpg,0
244,38_0_0_20170117120656921.jpg,1
245,64_0_0_20170111204901624.jpg,0
246,27_0_0_20170117175813577.jpg,1
247,23_1_4_20170117194240867.jpg,1
248,46_1_0_20170109013450138.jpg,1
249,22_1_3_20170104223113527.jpg,0
250,30_1_2_20170116161348207.jpg,0
251,27_1_2_20170116171540755.jpg,1
252,32_1_0_20170117134803913.jpg,1
253,26_1_3_20170104232408872.jpg,0
254,18_0_0_20170117140126568.jpg,0
255,19_0_3_20170104225836561.jpg,0
256,20_1_3_20170104231456714.jpg,0
257,24_1_3_20170104231950346.jpg,0
258,34_1_0_20170116003510683.jpg,0
259,25_0_0_20170116222918287.jpg,0
260,42_0_0_20170117154743159.jpg,0
261,23_1_0_20170105002627948.jpg,0
262,77_1_0_20170110183741484.jpg,0
263,24_0_4_20170117145146997.jpg,0
264,27_0_1_20170113133634568.jpg,0
265,21_1_1_20170112231905070.jpg,0
266,27_0_0_20170117120549066.jpg,0
267,24_0_1_20170113151045191.jpg,0
268,27_1_1_20170117193211345.jpg,0
269,20_0_0_20170117141002911.jpg,0
270,45_0_0_20170117130051893.jpg,1
271,25_1_0_20170117152038451.jpg,1
272,43_0_2_20170116192612780.jpg,1
273,35_1_1_20170116222842436.jpg,0
274,24_1_1_20170114025128077.jpg,0
275,29_0_1_20170117180836731.jpg,0
276,28_0_3_20170104220743173.jpg,0
277,36_1_0_20170103183426794.jpg,0
278,45_0_0_20170117182036284.jpg,1
279,27_1_2_20170116171716287.jpg,0
280,39_0_2_20170117154247371.jpg,1
281,29_0_1_20170117095006160.jpg,1
282,29_1_0_20170116220908902.jpg,1
283,28_0_4_20170105183852672.jpg,0
284,38_1_0_20170103163517069.jpg,1
285,21_1_4_20170103224520560.jpg,0
286,30_0_2_20170117181310236.jpg,1
287,40_0_2_20170104171941730.jpg,1
288,65_0_0_20170104185725302.jpg,0
289,24_1_4_20170116214244943.jpg,1
290,24_1_2_20170104022044502.jpg,1
291,51_0_0_20170117160754830.jpg,1
292,35_0_4_20170104192501919.jpg,1
293,34_0_0_20170117134906182.jpg,1
294,27_0_1_20170117183610688.jpg,0
295,26_1_2_20170116175506863.jpg,0
296,24_0_3_20170117145945091.jpg,0
297,53_0_0_20170111171747408.jpg,0
298,28_0_1_20170117202351839.jpg,0
299,64_0_0_20170111171747624.jpg,0
300,55_1_0_20170110160643422.jpg,1
301,26_0_1_20170113134358506.jpg,0
302,28_0_0_20170113210605140.jpg,0
303,40_0_0_20170111181750378.jpg,1
304,23_1_2_20170116173124400.jpg,0
305,29_0_2_20170116163503418.jpg,0
306,16_1_3_20170109213433239.jpg,0
307,34_0_1_20170117014101849.jpg,1
308,71_0_0_20170109015622110.jpg,1
309,34_0_1_20170116003716387.jpg,0
310,26_1_0_20170116162357240.jpg,0
311,23_1_2_20170116172816125.jpg,0
312,58_0_1_20170111170138036.jpg,0
313,27_0_4_20170103235757172.jpg,0
314,27_1_2_20170116175930683.jpg,0
315,54_0_0_20170111201637797.jpg,0
316,25_1_3_20170117180220918.jpg,1
317,30_1_4_20170103181233632.jpg,0
318,23_0_1_20170114033536005.jpg,0
319,32_1_0_20170111182452820.jpg,0
320,35_1_4_20170117203326008.jpg,0
321,37_0_0_20170117140126967.jpg,0
322,45_0_4_20170117202920775.jpg,0
323,40_0_0_20170105172802421.jpg,0
324,24_1_0_20170117150731090.jpg,0
325,65_0_0_20170111201030222.jpg,1
326,62_1_0_20170110133917734.jpg,1
327,30_0_1_20170117123820956.jpg,1
328,31_0_2_20170112003835278.jpg,0
329,56_0_3_20170105180548406.jpg,0
330,16_0_0_20170110232142982.jpg,0
331,24_0_2_20170116165208785.jpg,1
332,35_0_1_20170116195822091.jpg,0
333,38_1_1_20170116000558878.jpg,1
334,38_0_1_20170117133818533.jpg,0
335,36_1_4_20170105001239982.jpg,1
336,75_1_0_20170110181942190.jpg,0
337,39_0_4_20170104200746817.jpg,0
338,48_0_0_20170117013758131.jpg,0
339,80_1_0_20170110155128293.jpg,0
340,26_0_0_20170116203343708.jpg,0
341,28_0_1_20170116024731879.jpg,0
342,62_1_0_20170110131856737.jpg,0
343,26_1_2_20170104020230700.jpg,1
344,26_1_0_20170117174249502.jpg,1
345,41_1_0_20170105172643292.jpg,0
346,25_0_0_20170116215652482.jpg,0
347,65_1_0_20170110143540983.jpg,0
348,36_1_1_20170113000341643.jpg,0
349,42_0_1_20170117171628313.jpg,0
350,24_1_2_20170116174610352.jpg,0
351,38_1_0_20170104201657730.jpg,0
352,20_1_1_20170112231743279.jpg,1
353,30_0_2_20170104022125085.jpg,0
354,28_0_3_20170117020054178.jpg,0
355,42_1_1_20170116153229826.jpg,0
356,56_1_0_20170110141232209.jpg,1
357,71_0_0_20170111222535839.jpg,0
358,32_0_2_20170104202252010.jpg,1
359,35_0_1_20170117181203308.jpg,0
360,40_0_0_20170113135437140.jpg,0
361,26_1_3_20170117153633221.jpg,0
362,31_0_2_20170116191346864.jpg,1
363,24_1_1_20170115235935017.jpg,0
364,33_1_0_20170105000625650.jpg,1
365,35_1_0_20170117191606659.jpg,0
366,69_0_0_20170104185333726.jpg,0
367,32_1_3_20170109141353848.jpg,0
368,35_0_1_20170117143358264.jpg,0
369,21_1_0_20170117193630115.jpg,0
370,40_0_4_20170104210123901.jpg,0
371,25_0_4_20170103233741427.jpg,0
372,30_1_2_20170104020408339.jpg,1
373,28_1_4_20170103225940625.jpg,0
374,73_1_0_20170110153035158.jpg,0
375,43_1_0_20170105172627988.jpg,1
376,33_0_4_20170117202448894.jpg,0
377,26_1_0_20170117202010288.jpg,0
378,40_0_0_20170117151450653.jpg,1
379,29_1_0_20170103182353753.jpg,1
380,26_1_4_20170117201509118.jpg,0
381,26_1_1_20170117200437960.jpg,0
382,26_1_2_20170116184235976.jpg,0
383,50_0_0_20170109003412066.jpg,1
384,16_1_0_20170109214444528.jpg,0
385,39_0_1_20170113190332490.jpg,0
386,33_1_1_20170113005238142.jpg,0
387,25_1_3_20170117152000516.jpg,1
388,29_0_1_20170117012800357.jpg,0
389,30_1_2_20170116201553981.jpg,0
390,42_0_0_20170103181301064.jpg,0
391,23_1_0_20170117144757777.jpg,0
392,32_1_1_20170113011729264.jpg,1
393,35_0_2_20170117135017903.jpg,0
394,25_1_0_20170117143942122.jpg,1
395,26_0_2_20170116175942111.jpg,0
396,43_1_0_20170117185939842.jpg,0
397,60_0_0_20170104170240505.jpg,0
398,27_0_0_20170117013636316.jpg,0
399,26_1_1_20170112213129055.jpg,1
400,35_0_1_20170117143112391.jpg,0
401,40_1_1_20170113012951777.jpg,0
402,22_1_3_20170104232458346.jpg,0
403,26_0_1_20170116204830651.jpg,0
404,30_1_1_20170114024643760.jpg,1
405,59_1_0_20170110122835196.jpg,0
406,47_0_0_20170116205608766.jpg,0
407,22_1_2_20170104021303821.jpg,1
408,33_1_0_20170104171713868.jpg,0
409,28_1_1_20170117020401850.jpg,0
410,61_1_0_20170109150858084.jpg,0
411,26_0_0_20170116180849908.jpg,0
412,57_1_0_20170110120803050.jpg,0
413,52_0_0_20170111171747350.jpg,1
414,31_1_4_20170104165129944.jpg,0
415,36_0_0_20170104201153985.jpg,0
416,32_1_1_20170116023841155.jpg,0
417,24_1_2_20170116173405460.jpg,0
418,35_1_3_20170109140914004.jpg,0
419,24_1_0_20170117150909051.jpg,0
420,27_0_1_20170105164603540.jpg,0
421,42_0_0_20170117135614403.jpg,1
422,29_0_2_20170116161810177.jpg,0
423,45_1_1_20170117001154223.jpg,0
424,39_0_0_20170112215032192.jpg,1
425,20_1_0_20170103175638671.jpg,0
426,34_0_1_20170113181625781.jpg,0
427,28_1_2_20170116171710952.jpg,1
428,28_1_1_20170116225020910.jpg,0
429,53_1_3_20170109141903857.jpg,0
430,26_1_3_20170104214715278.jpg,0
431,27_0_0_20170116205321366.jpg,0
432,22_1_4_20170103224424415.jpg,0
433,26_1_1_20170116231915148.jpg,0
434,34_0_4_20170117203232496.jpg,1
435,32_1_1_20170112224100250.jpg,0
436,28_0_0_20170117180555824.jpg,1
437,35_0_0_20170117123744051.jpg,1
438,26_0_1_20170116221037571.jpg,0
439,28_0_0_20170117020857776.jpg,1
440,24_1_4_20170117194852596.jpg,1
441,18_1_0_20170109213938695.jpg,0
442,27_1_0_20170104234600194.jpg,0
443,50_1_0_20170117174644414.jpg,1
444,42_0_0_20170104203854642.jpg,1
445,24_0_2_20170116170746007.jpg,1
446,42_0_1_20170116194444692.jpg,0
447,51_0_0_20170109012434913.jpg,1
448,40_1_0_20170117135417615.jpg,1
449,29_0_1_20170117194427746.jpg,0
450,31_1_0_20170117133121639.jpg,0
451,35_0_0_20170116180415475.jpg,1
452,16_0_0_20170110232218902.jpg,1
453,26_1_0_20170103181852617.jpg,1
454,25_1_3_20170117143802585.jpg,1
455,63_0_0_20170104212616357.jpg,0
456,34_1_0_20170117182752390.jpg,1
457,26_1_2_20170116180325633.jpg,0
458,42_0_0_20170105173005714.jpg,0
459,23_1_2_20170116173016687.jpg,0
460,17_1_0_20170104013458371.jpg,0
461,38_1_0_20170104235617475.jpg,1
462,36_1_0_20170104164857729.jpg,1
463,27_1_2_20170116163618474.jpg,0
464,34_0_1_20170117203210989.jpg,0
465,36_0_1_20170117135448300.jpg,0
466,32_0_1_20170117135741139.jpg,0
467,50_1_0_20170103163657008.jpg,1
468,45_0_1_20170113190556169.jpg,1
469,29_0_1_20170104220317630.jpg,0
470,46_1_1_20170112211410525.jpg,0
471,56_1_0_20170110141656511.jpg,1
472,34_1_1_20170113001015235.jpg,0
473,17_1_0_20170111182452732.jpg,0
474,50_1_0_20170104184846062.jpg,1
475,31_0_2_20161219192759515.jpg,0
476,22_0_1_20170114032251671.jpg,0
477,35_1_2_20170116164706883.jpg,0
478,27_0_3_20170104230550273.jpg,1
479,30_0_1_20170117123839619.jpg,0
480,26_0_0_20170113210127157.jpg,0
481,24_1_0_20170104233906146.jpg,0
482,20_1_1_20170114025540321.jpg,0
483,57_0_0_20170111171747487.jpg,0
484,21_1_4_20170103223237335.jpg,1
485,35_0_0_20170116204131804.jpg,1
486,32_0_0_20170104173023034.jpg,0
487,22_0_4_20170117193912061.jpg,1
488,28_0_4_20170116183505479.jpg,0
489,59_1_0_20170110132107674.jpg,0
490,28_1_2_20170116165935678.jpg,1
491,16_1_4_20170103201700919.jpg,0
492,26_1_0_20170117154814509.jpg,0
493,39_0_0_20170105172344157.jpg,0
494,30_1_2_20170117142525729.jpg,1
495,36_1_0_20170105172639541.jpg,1
496,23_1_2_20170116172830806.jpg,0
497,27_1_1_20170117005946474.jpg,1
498,40_0_1_20170116204017708.jpg,0
499,45_1_1_20170117183357517.jpg,0
500,28_1_1_20170117180712098.jpg,0
501,28_0_4_20170103184156947.jpg,0
502,75_1_0_20170109132033628.jpg,0
503,42_0_4_20170104174008963.jpg,1
504,36_0_1_20170117170408725.jpg,0
505,27_1_2_20170116171651433.jpg,0
506,45_0_0_20170117185742546.jpg,0
507,31_0_0_20170117181923333.jpg,1
508,21_1_0_20170116205856338.jpg,0
509,34_0_0_20170117203207119.jpg,0
510,30_0_0_20170117144035842.jpg,0
511,24_1_0_20170104015931173.jpg,0
512,33_1_0_20170117175140175.jpg,0
513,24_0_1_20170116163437875.jpg,0
514,47_0_0_20170113184617953.jpg,1
515,66_1_0_20170110132126931.jpg,0
516,32_1_1_20170112224739469.jpg,0
517,28_0_3_20170104214745317.jpg,0
518,28_1_0_20170105184006661.jpg,0
519,18_0_3_20170117140743776.jpg,0
520,45_0_3_20170117133824630.jpg,1
521,28_0_0_20170117180137421.jpg,0
522,75_0_0_20170111210525525.jpg,0
523,36_0_0_20170117135445816.jpg,1
524,37_0_2_20170117140013545.jpg,0
525,26_1_1_20170116011345690.jpg,1
526,21_1_1_20170112193102422.jpg,0
527,30_0_2_20170116173731692.jpg,0
528,45_0_1_20170117204046200.jpg,0
529,32_1_0_20170117154910644.jpg,0
530,26_0_2_20170116183647463.jpg,0
531,27_0_4_20170117010740316.jpg,0
532,34_1_0_20170116172016963.jpg,0
533,21_1_1_20170113005736069.jpg,1
534,20_0_1_20170113175209394.jpg,0
535,50_0_2_20170104181606318.jpg,0
536,80_0_0_20170111222138149.jpg,0
537,76_0_2_20170105174433781.jpg,0
538,17_0_3_20170104225736449.jpg,0
539,56_0_0_20170111171747473.jpg,0
540,23_1_3_20170104222257463.jpg,1
541,43_1_4_20170117174415686.jpg,0
542,39_1_0_20170117154454831.jpg,1
543,55_0_0_20170111194845175.jpg,1
544,70_1_3_20170109134219121.jpg,0
545,17_1_0_20170109214048004.jpg,0
546,25_0_0_20170117151643003.jpg,0
547,29_1_2_20170116163921292.jpg,0
548,36_0_4_20170117012819035.jpg,0
549,41_1_0_20170117133203334.jpg,0
550,35_0_0_20170117174409006.jpg,0
551,70_1_0_20170110183435147.jpg,1
552,32_0_0_20170117175908028.jpg,0
553,21_1_2_20170116171702825.jpg,1
554,30_0_1_20170113155013364.jpg,0
555,24_1_3_20170104234808251.jpg,0
556,29_1_3_20170104222730103.jpg,0
557,28_0_0_20170104202019890.jpg,0
558,16_0_0_20170110225715009.jpg,0
559,24_0_2_20170116165054448.jpg,1
560,24_1_4_20170103223158047.jpg,0
561,37_0_0_20170104170051521.jpg,0
562,21_1_0_20170116234657499.jpg,0
563,23_0_0_20170116221005536.jpg,0
564,54_0_0_20170104205516571.jpg,1
565,55_0_0_20170104212851085.jpg,0
566,47_0_0_20170104211911013.jpg,1
567,27_1_0_20170117120616194.jpg,0
568,26_1_2_20170116184831737.jpg,0
569,53_0_0_20170109012709495.jpg,0
570,23_1_4_20170103225140728.jpg,1
571,26_0_1_20170116205224008.jpg,0
572,42_1_1_20170113001932011.jpg,0
573,36_1_1_20170116160832540.jpg,0
574,35_0_0_20170117135019980.jpg,0
575,75_1_0_20170110131534363.jpg,1
576,26_1_0_20170116180349689.jpg,0
577,21_1_3_20170104222111271.jpg,1
578,25_0_0_20170117151628052.jpg,0
579,39_1_4_20170109002712574.jpg,0
580,32_0_1_20170113173554602.jpg,0
581,30_1_0_20170103180858952.jpg,0
582,21_1_2_20170103201741359.jpg,0
583,23_1_3_20170104222248295.jpg,0
584,23_1_0_20170116221812669.jpg,0
585,31_1_2_20170104234746818.jpg,0
586,26_1_4_20170117200419213.jpg,0
587,65_0_1_20170111195930473.jpg,0
588,60_1_0_20170110131848316.jpg,1
589,16_1_0_20170109213604149.jpg,0
590,40_0_2_20170117171045229.jpg,0
591,26_0_3_20170117154514013.jpg,0
592,39_0_0_20170104204804020.jpg,0
593,36_0_3_20170104204425324.jpg,1
594,26_1_4_20170117152504299.jpg,0
595,26_0_3_20170117154554862.jpg,0
596,70_0_1_20170111201412415.jpg,0
597,45_0_0_20170117183156790.jpg,0
598,32_0_0_20170104200805226.jpg,0
599,44_0_1_20170113142045653.jpg,1
600,38_0_3_20170116223006279.jpg,0
601,39_0_0_20170117154211467.jpg,0
602,59_0_0_20170104212437869.jpg,0
603,28_1_4_20170103181212270.jpg,0
604,16_0_0_20170110231944071.jpg,0
605,35_0_0_20170117191049755.jpg,0
606,72_1_0_20170110183416570.jpg,0
607,18_1_2_20170109213403551.jpg,0
608,22_1_2_20170116172657692.jpg,0
609,28_0_0_20170117120854505.jpg,0
610,37_0_0_20170116200540241.jpg,1
611,26_0_1_20170113135255058.jpg,0
612,24_0_1_20170117013644564.jpg,0
613,26_0_1_20170116200945526.jpg,0
614,24_1_3_20161220221541210.jpg,1
615,25_0_2_20170104021135333.jpg,0
616,31_1_1_20170112204529987.jpg,1
617,69_0_0_20170104184837071.jpg,1
618,44_0_4_20170103235250676.jpg,0
619,40_0_2_20170116191354067.jpg,1
620,30_0_1_20170117130035831.jpg,0
621,35_0_1_20170117204330048.jpg,0
622,19_1_3_20170104221744823.jpg,0
623,39_0_0_20170104181448317.jpg,1
624,32_1_0_20170117180018829.jpg,1
625,26_1_2_20170116182203278.jpg,0
626,27_1_2_20170116163552814.jpg,0
627,32_0_3_20170117154217366.jpg,0
628,28_0_1_20170113151043367.jpg,0
629,24_1_2_20170116171657075.jpg,0
630,26_0_2_20170103181248536.jpg,0
631,70_0_2_20161219160529735.jpg,1
632,31_1_1_20170116222335750.jpg,0
633,46_1_3_20170104183801700.jpg,0
634,26_1_3_20170104222813183.jpg,0
635,28_1_2_20170116162147060.jpg,1
636,38_0_1_20170117012906285.jpg,0
637,49_1_0_20170109013132704.jpg,1
638,29_1_1_20170115235932970.jpg,1
639,42_0_2_20170104204819596.jpg,1
640,39_0_0_20170117154432514.jpg,1
641,48_0_0_20170109012109036.jpg,0
642,26_0_0_20170116233047853.jpg,0
643,39_0_0_20170104210107057.jpg,0
644,62_0_0_20170111204633236.jpg,0
645,32_1_3_20170104172955993.jpg,0
646,45_0_1_20170114033528807.jpg,0
647,52_0_0_20170113181425181.jpg,0
648,21_1_4_20170103223234959.jpg,0
649,20_1_4_20170117193602482.jpg,1
650,35_0_2_20170116161858517.jpg,1
651,43_1_1_20170116233041044.jpg,0
652,34_1_2_20170116191659122.jpg,0
653,16_1_0_20170109214333355.jpg,0
654,36_0_1_20170113183054437.jpg,0
655,24_1_3_20170104222414918.jpg,0
656,46_0_0_20170117173358796.jpg,0
657,38_1_0_20170117154130828.jpg,1
658,24_1_1_20170112204854107.jpg,0
659,26_0_1_20170117195937173.jpg,0
660,30_0_4_20170103230144585.jpg,0
661,35_0_2_20170116164423714.jpg,0
662,26_1_1_20170112210842781.jpg,1
663,26_0_4_20170103235609892.jpg,0
664,75_1_0_20170110183657201.jpg,0
665,40_0_0_20170117170900892.jpg,0
666,31_0_0_20170117203033455.jpg,0
667,34_1_1_20170112234631399.jpg,0
668,52_0_0_20170111203528972.jpg,0
669,24_1_2_20170116165534569.jpg,0
670,21_0_0_20170116214410522.jpg,0
671,26_1_2_20170116180525400.jpg,1
672,24_1_2_20170116173423718.jpg,1
673,28_1_1_20170117121917805.jpg,1
674,30_1_4_20170117203012791.jpg,0
675,49_0_3_20170117130537950.jpg,0
676,27_0_4_20170103234827428.jpg,0
677,34_0_1_20170116030144661.jpg,0
678,58_0_0_20170111201403999.jpg,0
679,75_1_0_20170109150808608.jpg,0
680,26_0_3_20170105175423430.jpg,0
681,16_1_0_20170109212513215.jpg,0
682,44_0_0_20170113210319338.jpg,0
683,42_0_0_20170117135611209.jpg,0
684,26_0_1_20170116182136243.jpg,0
685,26_0_1_20170113155124217.jpg,0
686,27_0_3_20170117175425208.jpg,0
687,40_0_3_20170117154542505.jpg,
688,30_1_0_20170117143123552.jpg,1
689,51_0_0_20170117160806351.jpg,0
690,51_1_0_20170104212206804.jpg,0
691,42_0_1_20170113175503980.jpg,0
692,32_0_1_20170113155159833.jpg,0
693,28_1_2_20170116165514344.jpg,1
694,47_1_0_20170117160418681.jpg,1
695,38_0_0_20170116192041983.jpg,0
696,80_0_0_20170111224036667.jpg,0
697,23_1_2_20170116172959302.jpg,0
698,56_0_0_20170104184930061.jpg,0
699,26_0_3_20170117154557054.jpg,0
700,48_0_0_20170117160506440.jpg,0
701,34_0_0_20170117203227887.jpg,0
702,53_1_0_20170110122634608.jpg,0
703,23_1_1_20170112234048553.jpg,1
704,28_1_0_20170116165656582.jpg,0
705,50_0_0_20170117160626703.jpg,0
706,54_1_3_20170109131821873.jpg,1
707,26_1_2_20170116180214166.jpg,0
708,25_0_0_20170110231839623.jpg,0
709,26_1_2_20170116182406083.jpg,0
710,42_0_0_20170113182201676.jpg,0
711,18_1_0_20170109214239711.jpg,1
712,40_0_2_20170116191436037.jpg,1
713,60_1_0_20170110151507697.jpg,0
714,31_1_1_20170116231912509.jpg,0
715,21_1_3_20170104231611130.jpg,0
716,26_1_1_20170112234340711.jpg,1
717,49_0_3_20170109011146753.jpg,1
718,36_1_1_20170117091839173.jpg,1
719,23_0_1_20170114033532450.jpg,0
720,26_1_3_20170104235435739.jpg,1
721,49_1_3_20170104231642491.jpg,0
722,40_0_1_20170113151525270.jpg,0
723,41_0_0_20170117131137875.jpg,0
724,22_0_1_20170113150439151.jpg,0
725,36_1_1_20170116223054510.jpg,0
726,32_0_0_20170117122038021.jpg,1
727,53_1_0_20170110153042034.jpg,0
728,24_1_1_20170112231700838.jpg,0
729,33_1_0_20170117182543343.jpg,0
730,70_0_0_20170111203945060.jpg,0
731,58_0_0_20170105173550604.jpg,1
732,26_1_1_20170116164338305.jpg,0
733,40_0_0_20170117154520771.jpg,1
734,32_0_0_20170117140230056.jpg,0
735,18_1_0_20170103175516495.jpg,0
736,22_1_4_20170117143713802.jpg,0
737,25_0_0_20170116222911780.jpg,0
738,26_0_4_20170117154033686.jpg,0
739,40_0_0_20170104184142437.jpg,0
740,30_0_2_20170116173004384.jpg,1
741,42_1_0_20170112235933106.jpg,0
742,26_1_1_20170104235433201.jpg,1
743,28_0_0_20170116212053311.jpg,0
744,75_1_0_20170110183942473.jpg,0
745,63_1_0_20170110132501568.jpg,0
746,37_0_0_20170108235752354.jpg,0
747,63_1_0_20170110141842534.jpg,1
748,36_1_1_20170113001049181.jpg,1
749,23_1_1_20170103212737732.jpg,0
750,40_0_0_20170117141747634.jpg,0
751,26_1_0_20170117153717556.jpg,0
752,36_1_4_20170105164808838.jpg,0
753,39_1_1_20170113011538935.jpg,0
754,21_0_4_20161223214827816.jpg,1
755,26_1_3_20170104235111171.jpg,0
756,22_1_0_20170112192312350.jpg,0
757,25_1_1_20170112205114916.jpg,0
758,47_1_2_20170105173513573.jpg,1
759,28_1_0_20170116200848585.jpg,0
760,72_1_0_20170110184007710.jpg,1
761,29_0_0_20170108230158864.jpg,0
762,26_1_1_20170113182747229.jpg,1
763,40_1_2_20170116164254791.jpg,1
764,22_0_2_20170116171724301.jpg,0
765,38_0_0_20170105171807556.jpg,0
766,18_0_0_20170110232448997.jpg,0
767,60_1_0_20170110152948921.jpg,0
768,42_1_0_20170103183246362.jpg,0
769,23_1_4_20170117194311620.jpg,0
770,26_1_1_20170114024504169.jpg,0
771,26_1_0_20170117201135295.jpg,1
772,28_0_1_20170117020659979.jpg,0
773,16_0_0_20170117134538670.jpg,0
774,30_0_3_20170117145159065.jpg,0
775,28_0_0_20170117180517775.jpg,0
776,25_1_3_20170117141259263.jpg,0
777,25_1_1_20170116001314901.jpg,1
778,37_1_0_20170109142928166.jpg,0
779,18_1_0_20170109213945602.jpg,0
780,35_0_0_20170104203145138.jpg,0
781,45_0_4_20170117203306895.jpg,0
782,32_0_4_20170105175534654.jpg,0
783,52_1_4_20170104185604990.jpg,1
784,26_0_3_20170117153628556.jpg,0
785,56_1_0_20170110154129028.jpg,0
786,66_0_0_20170109013237361.jpg,0
787,34_1_1_20170104011329697.jpg,0
788,46_1_0_20170109002625012.jpg,0
789,21_0_4_20161223214825003.jpg,1
790,78_0_0_20170111222400611.jpg,1
791,54_1_0_20170104184901670.jpg,1
792,18_1_0_20170109214725387.jpg,0
793,54_0_0_20170111195752794.jpg,1
794,26_1_4_20170117201501054.jpg,1
795,33_1_2_20170116191634811.jpg,0
796,26_0_0_20170113210319560.jpg,0
797,75_0_0_20170111205059862.jpg,0
798,21_1_2_20170116171009058.jpg,0
799,16_1_4_20170103214347949.jpg,0
800,25_0_0_20170116213510820.jpg,0
801,35_1_0_20170117092559828.jpg,0
802,30_0_3_20170117123905973.jpg,0
803,35_0_0_20170105164841588.jpg,1
804,32_0_3_20170104214152870.jpg,1
805,53_0_0_20170104212348773.jpg,0
806,49_0_0_20170104205907868.jpg,1
807,22_0_0_20170117091156202.jpg,0
808,64_1_0_20170110140833569.jpg,1
809,75_0_3_20170105180706438.jpg,0
810,67_1_3_20170109151006621.jpg,0
811,24_1_4_20170103212802644.jpg,0
812,25_1_1_20170112205215428.jpg,1
813,29_1_0_20170117134713969.jpg,0
814,45_1_0_20170110154650451.jpg,0
815,40_0_2_20170117135432344.jpg,
816,66_1_0_20170110140413980.jpg,0
817,27_0_0_20170117175615777.jpg,0
818,58_0_0_20170105173528685.jpg,1
819,29_0_0_20170117180855986.jpg,0
820,50_0_2_20170112220437210.jpg,0
821,77_1_0_20170110131558278.jpg,1
822,31_1_0_20170104181343268.jpg,0
823,57_0_0_20170104184213430.jpg,0
824,18_1_4_20170103223037503.jpg,0
825,23_1_2_20170116173057476.jpg,0
826,20_0_0_20170110232156775.jpg,0
827,40_0_0_20170116200949831.jpg,1
828,49_1_0_20170105173159405.jpg,0
829,57_0_0_20170111201356375.jpg,0
830,31_1_0_20170103181436000.jpg,1
831,76_1_0_20170110180142396.jpg,0
832,26_0_2_20170116175947641.jpg,0
833,27_0_1_20170113150450280.jpg,0
834,41_1_1_20170116160915103.jpg,0
835,56_1_0_20170110153837637.jpg,0
836,28_0_2_20170116193003015.jpg,0
837,39_1_0_20170105003308781.jpg,1
838,28_1_1_20170112234742977.jpg,0
839,37_1_1_20170112215450519.jpg,0
840,27_1_3_20170109132133665.jpg,0
841,33_0_1_20170113135311186.jpg,0
842,19_1_0_20170109212903959.jpg,0
843,26_1_1_20170116173239454.jpg,0
844,55_0_3_20170104214223615.jpg,0
845,61_1_0_20170103184132186.jpg,1
846,60_1_0_20170110143543095.jpg,0
847,21_1_0_20170109213126942.jpg,0
848,40_0_2_20170116181341336.jpg,0
849,26_1_0_20170109132910372.jpg,0
850,22_0_4_20170103210108168.jpg,0
851,32_0_2_20170116190057472.jpg,0
852,31_0_2_20170116170840810.jpg,1
853,29_0_3_20170117180819737.jpg,0
854,32_0_0_20170117123734515.jpg,0
855,42_0_0_20170117154810113.jpg,1
856,29_0_1_20170116203619812.jpg,0
857,21_1_1_20170112193009590.jpg,1
858,73_0_0_20170104213657221.jpg,1
859,28_0_2_20170116163928068.jpg,0
860,26_0_0_20170112205800959.jpg,0
861,35_0_0_20170117191315042.jpg,0
862,48_0_1_20170117165012988.jpg,0
863,42_1_0_20170105173320357.jpg,1
864,25_1_0_20170117151432922.jpg,0
865,76_0_0_20170105174547781.jpg,0
866,42_1_0_20170104235631908.jpg,0
867,56_1_0_20170104212451892.jpg,0
868,23_1_3_20170104231757866.jpg,1
869,38_1_1_20170117154145792.jpg,0
870,21_0_0_20170113182733390.jpg,0
871,26_1_4_20170117201548014.jpg,0
872,67_0_0_20170104185427710.jpg,1
873,37_0_2_20170105163305795.jpg,1
874,30_1_0_20170116191956794.jpg,0
875,34_0_0_20170117134913196.jpg,0
876,31_0_2_20170116191334762.jpg,0
877,32_0_2_20170104192811687.jpg,1
878,35_0_0_20170117135252857.jpg,0
879,37_0_2_20170109013510428.jpg,0
880,25_1_0_20170117143946804.jpg,0
881,70_1_0_20170111202338431.jpg,0
882,22_1_3_20170109132213417.jpg,0
883,30_1_3_20170104235553643.jpg,1
884,30_0_1_20170117123837646.jpg,1
885,35_0_0_20170117175811427.jpg,0
886,28_1_0_20170117144930395.jpg,0
887,39_1_1_20170112234541208.jpg,0
888,47_0_0_20170109010730191.jpg,1
889,47_0_3_20170117020747617.jpg,0
890,29_1_0_20170116173132299.jpg,0
891,50_0_0_20170109011120677.jpg,1
892,25_1_2_20170116174823428.jpg,0
893,16_0_0_20170110231919941.jpg,0
894,18_1_0_20170109214512153.jpg,0
895,72_1_0_20170110153242401.jpg,0
896,27_1_4_20170103235051403.jpg,0
897,65_1_0_20170110132559859.jpg,1
898,35_0_0_20170116212002051.jpg,1
899,25_0_0_20170114024601058.jpg,0
900,30_0_3_20170105164853052.jpg,0
901,32_1_0_20170117182511453.jpg,0
902,25_1_2_20170116175222886.jpg,0
903,30_0_1_20170113141819444.jpg,0
904,26_1_4_20170117201351845.jpg,0
905,32_0_2_20170116184944206.jpg,0
906,30_1_0_20170117131118803.jpg,0
907,27_0_0_20170102233441859.jpg,0
908,26_1_0_20170117003252979.jpg,0
909,25_1_0_20170117140853353.jpg,1
910,26_1_4_20170117201456142.jpg,1
911,39_0_3_20170117165633172.jpg,0
912,38_1_1_20170116222328756.jpg,0
913,28_0_1_20170116210503300.jpg,0
914,24_1_2_20170116173520935.jpg,0
915,49_1_0_20170104204953660.jpg,0
916,26_0_4_20170117200102299.jpg,1
917,47_1_0_20170117160407279.jpg,1
918,38_0_0_20170104165306497.jpg,0
919,23_1_0_20170104021538021.jpg,1
920,65_0_0_20170105174716942.jpg,0
921,30_1_0_20170117094404388.jpg,0
922,67_1_0_20170110140843433.jpg,0
923,32_1_4_20170105164252747.jpg,0
924,26_1_3_20170117174342230.jpg,0
925,39_1_3_20170104232838176.jpg,0
926,28_0_1_20170116192346678.jpg,0
927,28_1_2_20170116161343328.jpg,0
928,26_1_2_20170116184100913.jpg,1
929,26_1_4_20170117200442221.jpg,0
930,29_0_1_20170117094757940.jpg,0
931,28_1_0_20170103181241664.jpg,0
932,26_0_1_20170113134232465.jpg,0
933,51_0_1_20170117160804231.jpg,1
934,35_1_1_20170117154134322.jpg,0
935,26_1_0_20170117170011666.jpg,0
936,76_1_1_20170110181603235.jpg,1
937,35_1_0_20170117121555358.jpg,0
938,45_0_1_20170117182914790.jpg,1
939,35_1_3_20170104231728913.jpg,1
940,30_0_2_20170116192359839.jpg,0
941,26_0_0_20170104165824281.jpg,1
942,80_0_0_20170111211441005.jpg,0
943,56_0_2_20170105164626292.jpg,1
944,26_1_0_20170117174719206.jpg,0
945,38_1_0_20170103183311778.jpg,0
946,21_1_4_20161221195948192.jpg,0
947,65_1_0_20170110122548648.jpg,0
948,40_0_3_20170117194103620.jpg,0
949,18_1_0_20170103175433456.jpg,1
950,53_0_0_20170104210256884.jpg,1
951,28_0_2_20170116214450969.jpg,0
952,28_1_0_20170109003005024.jpg,0
953,25_0_0_20170114033002971.jpg,0
954,36_1_1_20170114030712822.jpg,0
955,26_1_2_20170116180027456.jpg,0
956,36_1_0_20170109134045116.jpg,0
957,34_0_0_20170105164139508.jpg,1
958,35_0_1_20170117130110004.jpg,1
959,53_0_0_20170105163552388.jpg,1
960,30_1_1_20170112212046598.jpg,0
961,61_1_0_20170110123303836.jpg,0
962,40_1_1_20170113001728994.jpg,1
963,36_0_0_20170117105105170.jpg,0
964,21_1_2_20161219221949111.jpg,0
965,35_0_0_20170117121726176.jpg,0
966,50_0_0_20170117194216684.jpg,0
967,21_1_2_20170116170801014.jpg,0
968,55_1_0_20170109012617704.jpg,0
969,32_0_0_20170113181420389.jpg,1
970,45_0_1_20170113154750024.jpg,0
971,38_0_0_20170113210604697.jpg,0
972,26_0_1_20170113134400497.jpg,0
973,28_0_1_20170113175016716.jpg,0
974,31_1_2_20170116191358955.jpg,0
975,26_1_0_20170117201918694.jpg,0
976,49_0_0_20170104185843894.jpg,1
977,27_0_1_20170117010749619.jpg,0
978,26_1_2_20170116182351803.jpg,0
979,29_1_1_20170112234045193.jpg,1
980,26_1_1_20170116174208031.jpg,0
981,27_1_2_20170116184855653.jpg,1
982,22_1_1_20170113010402343.jpg,1
983,24_1_0_20170112234608449.jpg,1
984,26_0_1_20170117001235514.jpg,1
985,26_1_2_20170116184146454.jpg,0
986,28_0_1_20170117020050133.jpg,0
987,80_1_3_20170109151103678.jpg,0
988,62_0_0_20170111171747588.jpg,0
989,24_1_2_20161219201505604.jpg,0
990,27_0_4_20170117012822305.jpg,0
991,26_1_1_20170116154716047.jpg,0
992,34_0_1_20170113173021417.jpg,1
993,16_0_0_20170110231627902.jpg,0
994,31_0_1_20170113151857048.jpg,0
995,50_0_0_20170117182140781.jpg,0
996,33_1_3_20170109133043550.jpg,0
997,26_0_2_20170116183020432.jpg,0
998,35_0_0_20170104201328371.jpg,0
999,67_0_0_20170104200734185.jpg,1
1000,30_1_1_20170116022055600.jpg,1
1001,31_1_1_20170113011230351.jpg,1
1002,24_1_1_20170115235754853.jpg,1
1003,20_1_0_20170117141223953.jpg,1
1004,25_1_0_20170117195346437.jpg,0
1005,34_1_1_20170117194352091.jpg,0
1006,27_1_0_20170116204847296.jpg,0
1007,24_0_1_20170117194748068.jpg,0
1008,25_1_2_20161219194224315.jpg,0
1009,35_0_2_20170116181159415.jpg,0
1010,18_0_1_20170113175821404.jpg,0
1011,37_0_2_20170104201121090.jpg,1
1012,35_1_1_20170112193019582.jpg,0
1013,51_1_2_20170109131917693.jpg,0
1014,78_0_0_20170111222257902.jpg,0
1015,53_1_0_20170110143534851.jpg,0
1016,24_0_1_20170113150729383.jpg,0
1017,22_0_1_20170113133350977.jpg,0
1018,26_0_1_20170113182433174.jpg,0
1019,32_1_2_20170116175121187.jpg,0
1020,50_1_0_20170117191742980.jpg,0
1021,53_1_0_20170110160643297.jpg,0
1022,26_0_3_20170117190118385.jpg,0
1023,22_1_1_20170114033220857.jpg,0
1024,25_0_0_20170116201855919.jpg,0
1025,25_0_1_20170113132605095.jpg,1
1026,32_0_4_20170117203107295.jpg,1
1027,35_1_1_20170117021418022.jpg,0
1028,35_0_0_20170117145856290.jpg,1
1029,45_0_4_20170104194522552.jpg,1
1030,27_1_1_20170117165603509.jpg,0
1031,46_0_0_20170113185333766.jpg,0
1032,47_1_0_20170117140100071.jpg,0
1033,25_0_0_20170117195127741.jpg,0
1034,60_0_0_20170111171747538.jpg,1
1035,36_0_0_20170105163342059.jpg,0
1036,40_1_1_20170116162028041.jpg,0
1037,31_1_3_20170104232529874.jpg,0
1038,38_1_1_20170112231328158.jpg,0
1039,60_1_0_20170110122614299.jpg,1
1040,29_1_1_20170116171830504.jpg,0
1041,35_0_0_20170105164824674.jpg,0
1042,67_1_0_20170110152923990.jpg,0
1043,51_0_0_20170117190825002.jpg,0
1044,24_1_3_20170104231911026.jpg,0
1045,32_1_0_20170103182602906.jpg,1
1047,22_1_3_20170104222607551.jpg,0
1049,26_1_2_20170116175437182.jpg,0
1050,26_1_3_20170104222855375.jpg,0
1051,32_0_1_20170116002309943.jpg,0
1052,40_1_3_20170104220757598.jpg,0
1053,30_1_0_20170116211836902.jpg,1
1054,29_1_1_20170112211222837.jpg,0
1055,54_1_0_20170110122243471.jpg,0
1056,35_1_0_20170117184925681.jpg,0
1057,35_1_4_20170116221035151.jpg,0
1058,42_1_1_20170113001251739.jpg,1
1059,38_0_0_20170117184513097.jpg,0
1060,27_0_1_20170113134047416.jpg,1
1061,42_0_1_20170117171124190.jpg,0
1062,61_0_0_20170104210224700.jpg,0
1063,34_1_3_20170104235729572.jpg,1
1064,36_1_3_20170117173858390.jpg,0
1065,32_1_0_20170108224936101.jpg,0
1066,35_0_2_20170116182457063.jpg,0
1067,29_1_2_20170109133107871.jpg,0
1068,51_1_1_20170113182150518.jpg,0
1069,50_0_0_20170117133129130.jpg,1
1070,36_0_1_20170117183213758.jpg,0
1071,21_1_4_20170103224438000.jpg,0
1072,26_0_4_20170103235328516.jpg,0
1073,30_1_0_20170103182413737.jpg,1
1074,30_0_0_20170116182659652.jpg,1
1075,25_0_0_20170116212019911.jpg,1
1076,23_0_2_20170116172858865.jpg,0
1077,28_1_2_20170116163844508.jpg,0
1078,18_1_0_20170109214311284.jpg,0
1079,70_0_0_20170104185854046.jpg,0
1080,30_0_2_20170116193710051.jpg,0
1081,29_1_2_20170116163403273.jpg,1
1082,75_0_0_20170111205052872.jpg,0
1083,38_1_0_20170104002144725.jpg,0
1084,40_0_0_20170104170121569.jpg,1
1085,39_1_2_20170103183301786.jpg,1
1086,38_1_0_20170116003418066.jpg,0
1087,22_0_0_20170104230045815.jpg,0
1089,40_0_0_20170117192150908.jpg,0
1090,47_0_0_20170105173009578.jpg,0
1091,23_1_4_20170103233615355.jpg,0
1092,41_0_2_20170104211935428.jpg,1
1093,39_1_2_20170116164304221.jpg,0
1094,49_1_0_20170104184759926.jpg,0
1095,28_0_4_20170103235827230.jpg,0
1096,20_1_3_20170104222031311.jpg,0
1097,39_0_0_20170109002838942.jpg,0
1100,21_1_3_20170104222758121.jpg,0
1101,32_0_0_20170116030520611.jpg,0
1102,23_0_4_20170103234915411.jpg,0
1103,28_0_4_20170109002923202.jpg,1
1104,54_0_0_20170111222142109.jpg,0
1105,26_1_0_20170113000016345.jpg,0
1106,50_0_2_20170116191148275.jpg,0
1107,19_0_0_20170116220704294.jpg,0
1108,52_0_0_20170104212238236.jpg,0
1109,27_0_0_20170116182634081.jpg,0
1110,20_1_0_20170117141213281.jpg,1
1111,28_0_1_20170113180628821.jpg,0
1112,34_1_0_20170104173038042.jpg,1
1113,65_1_0_20170110141251497.jpg,0
1114,24_1_1_20170116000700293.jpg,0
1115,26_1_0_20170117173648397.jpg,0
1116,16_0_1_20170110232035513.jpg,0
1117,27_1_1_20170117165225648.jpg,0
1118,20_1_4_20170103224354767.jpg,1
1119,31_1_1_20170117135048675.jpg,0
1120,25_0_1_20170116002254660.jpg,1
1121,30_0_0_20170111181750341.jpg,1
1122,56_1_0_20170109220552870.jpg,0
1123,38_0_1_20170113152121359.jpg,0
1124,24_0_2_20170116192955075.jpg,0
1125,57_0_0_20170104212740101.jpg,1
1126,30_1_3_20170104232156258.jpg,0
1127,46_1_1_20170112215250704.jpg,1
1128,30_1_0_20170117114647665.jpg,1
1129,26_1_1_20170112235543761.jpg,0
1130,33_0_1_20170117190145954.jpg,0
1131,35_1_3_20170117183034589.jpg,0
1132,65_1_0_20170110141013017.jpg,0
1133,35_1_2_20170116191708474.jpg,0
1134,24_1_2_20170104021559044.jpg,0
1135,62_1_0_20170110173800240.jpg,0
1136,26_1_0_20170117152955925.jpg,0
1137,21_1_1_20170112202847954.jpg,0
1138,29_0_1_20170116010112917.jpg,0
1139,49_0_0_20170104212516069.jpg,1
1140,36_0_1_20170113135627331.jpg,1
1141,72_1_2_20170110181718497.jpg,0
1142,39_1_0_20170105164247586.jpg,1
1144,26_0_2_20170116175845872.jpg,0
1145,34_0_0_20170116192050166.jpg,0
1146,16_1_1_20170109213003514.jpg,0
1147,21_1_1_20170117170723269.jpg,0
1148,35_1_1_20170113001239705.jpg,1
1149,36_0_1_20170108231644693.jpg,0
1150,17_0_2_20170105183335071.jpg,1
1151,30_1_3_20170104235527578.jpg,0
1152,37_1_1_20170116152605949.jpg,0
1153,51_0_0_20170105172830957.jpg,0
1155,65_1_0_20170110122721426.jpg,0
1156,35_0_3_20170117134205757.jpg,0
1157,25_1_4_20170117195141428.jpg,0
1158,35_0_0_20170117134959477.jpg,1
1159,45_1_0_20170117135025030.jpg,1
1160,22_1_3_20170104222126558.jpg,0
1161,27_1_2_20170116192236533.jpg,0
1162,21_1_2_20170116171134381.jpg,0
1163,26_0_1_20170117091210764.jpg,0
1164,45_0_2_20170116182728525.jpg,0
1165,76_0_0_20170111201944904.jpg,1
1166,31_1_2_20170109141257277.jpg,0
1167,35_0_1_20170113134711160.jpg,0
1168,25_1_1_20170112191300605.jpg,0
1169,30_1_3_20170104223046816.jpg,0
1170,48_0_0_20170113190615656.jpg,0
1171,35_1_0_20170117190350409.jpg,0
1172,24_0_0_20170117091201342.jpg,0
1173,16_1_0_20170109212959831.jpg,1
1174,40_0_0_20170117135602850.jpg,0
1175,24_1_0_20170116222429652.jpg,1
1177,24_1_1_20170112192336718.jpg,0
1178,65_0_0_20170111202227430.jpg,0
1179,32_1_0_20170117203611944.jpg,0
1180,28_1_2_20170116175834466.jpg,0
1181,57_1_0_20170110160643579.jpg,0
1182,26_1_0_20170117200517726.jpg,0
1183,17_1_4_20170104011834409.jpg,0
1184,27_0_0_20170117175349504.jpg,1
1185,44_0_2_20170116193010589.jpg,0
1186,23_1_1_20170114033629976.jpg,0
1187,72_1_0_20170110180453423.jpg,1
1188,23_0_1_20170113133832321.jpg,0
1189,20_1_0_20170103163056975.jpg,1
1190,29_1_1_20170105163256379.jpg,0
1191,25_1_1_20170112192945622.jpg,0
1192,71_0_0_20170104213443413.jpg,1
1193,60_0_0_20170104184751214.jpg,1
1194,26_1_3_20170104222823975.jpg,0
1195,31_0_1_20170117134930189.jpg,0
1196,20_1_3_20170104231525073.jpg,0
1197,42_1_0_20170104185202934.jpg,0
1198,22_1_2_20170104015815276.jpg,1
1199,37_0_0_20170117140009463.jpg,0
1200,60_0_0_20170109013439834.jpg,0
1201,24_1_0_20170117194558907.jpg,0
1203,21_1_0_20170104234439209.jpg,0
1204,36_1_1_20170116022026435.jpg,0
1205,32_1_0_20170104165842857.jpg,0
1206,29_1_0_20170116213445105.jpg,1
1207,27_1_0_20170117174845392.jpg,0
1208,38_0_1_20170116010930406.jpg,0
1209,26_1_1_20170116011413001.jpg,0
1210,26_1_1_20170112210923338.jpg,0
1211,63_0_0_20170104213557957.jpg,1
1212,41_0_0_20170104202153954.jpg,1
1213,38_1_0_20170104171708706.jpg,0
1214,26_1_4_20170117201620471.jpg,0
1215,27_1_2_20170116185938978.jpg,0
1216,26_1_1_20170116232407502.jpg,0
1217,27_1_0_20170117164325646.jpg,0
1218,38_0_1_20170103183118882.jpg,1
1219,35_1_0_20170116232957896.jpg,0
1220,39_1_0_20170104185134518.jpg,0
1223,51_0_0_20170104212200845.jpg,1
1224,32_1_0_20170117134826702.jpg,0
1225,21_1_2_20170103180145808.jpg,1
1226,38_0_1_20170116233242125.jpg,1
1227,18_1_1_20170117140105352.jpg,0
1228,59_1_0_20170110180108013.jpg,0
1229,48_0_2_20170104204459299.jpg,0
1230,52_1_0_20170109221057047.jpg,1
1231,38_1_3_20170104235005720.jpg,0
1232,24_0_1_20170117204434040.jpg,0
1233,16_0_0_20170110231914222.jpg,0
1234,27_0_1_20170117010204286.jpg,0
1235,39_0_0_20170117131210937.jpg,0
1236,25_1_2_20170116165425465.jpg,0
1237,34_1_0_20170116231315257.jpg,0
1238,32_0_1_20170113175300325.jpg,0
1239,52_1_0_20170103163625630.jpg,0
1240,19_1_4_20170103201818104.jpg,1
1241,28_0_2_20170107212142294.jpg,0
1242,27_0_0_20170117135722872.jpg,0
1243,46_0_0_20170104211749300.jpg,1
1244,28_1_2_20170116164741320.jpg,0
1245,26_1_4_20170117153408062.jpg,0
1246,30_0_0_20170104202149570.jpg,1
1247,30_0_0_20170113135527027.jpg,0
1248,24_0_0_20170102233329675.jpg,0
1249,53_1_0_20170110160643266.jpg,0
1250,25_1_3_20170104222511735.jpg,0
1251,41_1_1_20170117171024861.jpg,0
1252,18_1_0_20170109212756182.jpg,0
1253,21_1_0_20170116214444473.jpg,1
1254,26_0_1_20170117200404157.jpg,1
1255,74_0_0_20170111223743652.jpg,0
1256,26_0_1_20170103180959080.jpg,0
1258,74_0_0_20170111222222432.jpg,0
1259,26_0_1_20170117200051836.jpg,0
1260,27_1_2_20170116163611289.jpg,0
1261,29_1_1_20170115235003672.jpg,0
1262,26_1_3_20170104222850687.jpg,0
1263,26_1_2_20170116180003876.jpg,0
1264,22_1_2_20170116172741591.jpg,0
1265,46_1_1_20170111182452917.jpg,0
1266,40_1_1_20170113001541188.jpg,0
1267,32_1_2_20170116182311157.jpg,0
1268,24_1_4_20170117150737098.jpg,0
1269,40_1_0_20170117171639587.jpg,0
1270,29_1_3_20170104232524938.jpg,1
1271,26_0_4_20170104200600267.jpg,1
1272,30_0_0_20170117144004185.jpg,0
1273,23_1_1_20170114030249007.jpg,0
1274,74_0_0_20170111203046542.jpg,0
1275,28_1_2_20170116192106479.jpg,0
1276,36_0_1_20170117163412132.jpg,0
1277,25_1_3_20170117142257810.jpg,0
1278,35_1_1_20170112204427427.jpg,1
1279,28_0_0_20170117020856429.jpg,0
1280,50_0_2_20170117160616344.jpg,0
1281,38_0_0_20170117120726722.jpg,0
1282,48_0_4_20170117163407198.jpg,0
1283,24_1_2_20170116174400891.jpg,0
1284,30_1_1_20170112210336469.jpg,0
1285,32_1_4_20170103225047472.jpg,0
1286,73_1_0_20170110125254674.jpg,1
1287,18_1_1_20170117140201823.jpg,1
1288,23_0_2_20170116221009406.jpg,1
1289,26_1_2_20170116184244368.jpg,0
1290,26_0_4_20170116182250630.jpg,0
1291,28_0_4_20170116210338902.jpg,0
1294,60_1_0_20170110135905294.jpg,0
1295,33_0_0_20170104165541073.jpg,0
1296,35_0_1_20170117191454763.jpg,0
1297,38_1_1_20170117184822384.jpg,0
1298,18_1_0_20170109214455239.jpg,0
1299,43_1_3_20170109142242047.jpg,0
1300,40_1_3_20170109142008373.jpg,0
1301,32_0_2_20170116162322805.jpg,0
1302,62_0_0_20170111202357377.jpg,0
1303,28_1_0_20170112235209623.jpg,0
1304,29_0_1_20170113141729547.jpg,0
1305,48_0_4_20170104211950852.jpg,1
1306,18_0_4_20170103234736836.jpg,0
1308,20_1_1_20170114030841465.jpg,0
1309,26_1_1_20170116180908981.jpg,0
1310,37_1_0_20170104171729234.jpg,0
1311,24_1_0_20170117150303070.jpg,0
1312,66_1_0_20170110123144558.jpg,0
1313,20_1_2_20170104021544485.jpg,0
1314,37_0_0_20170104172740418.jpg,1
1315,45_1_1_20170117164742977.jpg,0
1316,25_0_0_20170117190909786.jpg,0
1317,32_1_2_20170116191621268.jpg,0
1318,61_0_0_20170111171747577.jpg,0
1319,80_1_0_20170110141723527.jpg,0
1320,49_1_1_20170113173337426.jpg,0
1321,29_1_0_20170117130628854.jpg,1
1322,37_1_1_20170116180008472.jpg,0
1323,75_1_0_20170110131723117.jpg,0
1324,36_1_1_20170113000900081.jpg,0
1325,79_0_1_20170111223356803.jpg,0
1326,28_1_2_20170116165121497.jpg,0
1327,36_0_0_20170116210422517.jpg,0
1328,23_1_3_20170109132112364.jpg,0
1329,26_1_1_20170116233337587.jpg,0
1330,23_0_0_20170116221722978.jpg,0
1331,45_0_1_20170113173605450.jpg,0
1332,26_1_3_20170117091754898.jpg,0
1333,45_1_2_20170107211934472.jpg,0
1334,38_1_0_20170117154132795.jpg,0
1335,30_0_2_20170116173046870.jpg,0
1336,26_0_3_20170117154452224.jpg,0
1337,28_0_4_20170117180230348.jpg,0
1338,34_0_4_20170113161453036.jpg,0
1339,23_0_1_20170117144346825.jpg,0
1340,29_0_0_20170104165350776.jpg,0
1341,37_1_2_20170104005945096.jpg,1
1342,32_0_0_20170117133717614.jpg,1
1343,29_0_0_20170113210605445.jpg,0
1344,61_1_0_20170109142140107.jpg,0
1345,21_0_4_20161223214835183.jpg,0
1346,21_1_2_20170116171712885.jpg,0
1347,29_1_2_20170116192410313.jpg,0
1348,28_0_1_20170113145739893.jpg,0
1349,24_0_1_20170113134010217.jpg,1
1350,37_0_0_20170113210126299.jpg,0
1351,28_1_0_20170115235915388.jpg,0
1352,55_1_0_20170110160643438.jpg,0
1353,27_1_1_20170112213555559.jpg,0
1354,35_0_1_20170113142101291.jpg,0
1355,29_0_0_20170117202649479.jpg,0
1356,47_0_0_20170105173116787.jpg,0
1357,25_0_0_20170117153733428.jpg,1
1358,56_0_0_20170111203105369.jpg,0
1360,30_0_2_20170116194010019.jpg,0
1361,26_1_3_20170104232510106.jpg,0
1362,54_0_0_20170111171747438.jpg,0
1363,66_0_2_20170111205753656.jpg,0
1364,24_0_0_20170114032026665.jpg,0
1365,26_1_1_20170116160835715.jpg,0
1366,25_0_4_20170117195023516.jpg,0
1367,36_1_1_20170116234813239.jpg,1
1368,17_1_4_20170103233548115.jpg,1
1369,50_0_0_20170117160620399.jpg,0
1370,26_0_1_20170113134355472.jpg,0
1371,28_1_3_20170104220307950.jpg,0
1372,63_0_1_20170111170153874.jpg,1
1374,31_0_1_20170116024204398.jpg,0
1375,78_0_1_20170111222209093.jpg,1
1376,32_0_0_20170117091009872.jpg,0
1377,21_1_3_20170104231602346.jpg,0
1378,40_0_0_20170117171106050.jpg,0
1379,21_1_3_20170117142239360.jpg,0
1380,32_1_1_20170112213704768.jpg,1
1381,44_1_2_20170104185236854.jpg,0
1382,23_1_0_20170116221827674.jpg,0
1383,28_0_0_20170117180519102.jpg,1
1384,23_1_1_20170113010514727.jpg,0
1385,34_1_0_20170103163530352.jpg,1
1386,24_1_1_20170112234357224.jpg,0
1387,40_0_2_20170116183802085.jpg,0
1388,27_1_0_20170105183347327.jpg,0
1389,31_1_0_20170103183155451.jpg,0
1390,26_0_1_20170113154951523.jpg,0
1391,26_1_0_20170117175343265.jpg,0
1392,34_0_0_20170117105018453.jpg,0
1393,17_1_1_20170112230710598.jpg,1
1394,25_0_4_20170116001358842.jpg,0
1395,20_1_1_20170114031019426.jpg,0
1396,50_0_0_20170111201526040.jpg,0
1397,46_0_3_20170113190527889.jpg,0
1398,26_1_0_20170117174807127.jpg,0
1399,26_0_1_20170113135339953.jpg,0
1400,36_0_1_20170113173237337.jpg,0
1401,35_0_1_20170109001203061.jpg,0
1402,21_1_3_20170117142617306.jpg,0
1403,21_0_0_20170104230014969.jpg,0
1404,32_0_2_20170116201214616.jpg,1
1405,30_1_0_20170117181400610.jpg,0
1406,18_1_4_20170117140224544.jpg,0
1407,75_0_0_20170111200151404.jpg,1
1408,40_0_0_20170104205324669.jpg,0
1409,29_0_1_20170117202653255.jpg,0
1411,28_1_0_20170117193022560.jpg,0
1412,58_0_0_20170104185141158.jpg,0
1413,28_1_2_20170116164519017.jpg,1
1414,26_0_1_20170113175434540.jpg,0
1415,19_1_0_20170103201450359.jpg,0
1416,26_1_3_20170104214731389.jpg,0
1417,35_0_0_20170117151327234.jpg,0
1418,47_0_0_20170116204145373.jpg,0
1419,26_1_4_20170117174256614.jpg,0
1420,36_1_1_20170109132934818.jpg,0
1421,32_1_4_20170117203133752.jpg,0
1422,55_1_0_20170110160643547.jpg,0
1423,77_0_0_20170111222228671.jpg,0
1424,25_1_0_20170116204011908.jpg,0
1426,30_0_0_20170117153441021.jpg,0
1427,34_0_3_20170109140934624.jpg,0
1428,26_0_0_20170113135336472.jpg,0
1429,50_0_0_20170113184603160.jpg,0
1430,39_0_0_20170104184915702.jpg,1
1432,52_1_0_20170110132411787.jpg,0
1433,26_0_4_20170117153404221.jpg,0
1434,55_0_0_20170111200630909.jpg,0
1435,30_1_1_20170112193112574.jpg,0
1436,45_0_0_20170117170144193.jpg,0
1437,30_0_2_20170107212049636.jpg,1
1438,38_0_0_20170104202333304.jpg,0
1439,36_1_0_20170104234532883.jpg,0
1440,26_0_4_20170117153320853.jpg,0
1442,34_1_0_20170112203838660.jpg,0
1443,28_1_0_20170104233637946.jpg,1
1444,37_0_1_20170116214356844.jpg,0
1445,27_1_1_20170112193026590.jpg,0
1446,43_1_0_20170117155106415.jpg,1
1447,23_1_1_20170112204436531.jpg,0
1448,35_0_0_20170104201217450.jpg,0
1449,27_1_1_20170116000504802.jpg,0
1450,30_0_0_20170117151438712.jpg,0
1451,50_1_3_20170117153134813.jpg,0
1453,31_0_0_20170116191337484.jpg,0
1454,38_0_0_20170104203131804.jpg,1
1455,28_1_1_20170109132457432.jpg,0
1456,26_1_4_20170117201736159.jpg,0
1457,38_1_2_20170116161943473.jpg,0
1458,56_0_1_20170111202009206.jpg,0
1459,54_0_4_20170104212703396.jpg,0
1460,26_1_2_20170116162412165.jpg,0
1461,26_1_1_20170117173603334.jpg,1
1462,25_0_1_20170113145615148.jpg,0
1463,28_0_1_20170117020752716.jpg,0
1464,45_0_0_20170117135648206.jpg,1
1465,39_1_0_20170117154453643.jpg,0
1466,65_0_0_20170111193847133.jpg,0
1467,56_1_0_20170109141855995.jpg,0
1468,28_0_1_20170113161434836.jpg,0
1469,38_0_2_20170116172828624.jpg,0
1470,18_0_1_20170116205256502.jpg,0
1471,39_1_1_20170117140914763.jpg,0
1472,18_0_1_20170116210348146.jpg,0
1473,34_0_0_20170117134857915.jpg,1
1474,50_0_0_20170104181517653.jpg,1
1475,28_1_0_20170116211814489.jpg,1
1476,26_1_1_20170116163959449.jpg,0
1477,29_0_4_20170117100325932.jpg,0
1478,26_1_4_20170117174316560.jpg,0
1479,25_1_4_20170103233749355.jpg,1
1480,32_0_2_20170116191438103.jpg,0
1481,30_0_4_20170117202819247.jpg,0
1483,28_0_3_20170117120957310.jpg,1
1484,16_1_2_20170109214153823.jpg,0
1485,58_0_2_20170104212958196.jpg,1
1486,24_0_0_20170116205530259.jpg,0
1487,42_1_1_20170113001802155.jpg,0
1488,26_1_0_20170116153214587.jpg,0
1489,56_1_0_20170110152858178.jpg,0
1490,31_1_4_20170103230411344.jpg,0
1491,23_0_4_20170117144105491.jpg,0
1492,24_1_0_20170117194942245.jpg,0
1493,34_0_1_20170116201940268.jpg,0
1494,36_0_0_20170117183121900.jpg,1
1495,28_1_2_20170116164653714.jpg,0
1496,24_1_2_20170116174501132.jpg,0
1497,28_0_1_20170112211816014.jpg,1
1498,18_1_0_20170117140340105.jpg,0
1499,29_0_4_20170103235921692.jpg,1
1500,29_0_0_20170117105025711.jpg,1
1501,75_1_0_20170110182100626.jpg,0
1502,28_1_4_20170117202544912.jpg,0
1503,21_1_0_20170109213123896.jpg,0
1504,54_0_0_20170104213140733.jpg,0
1505,26_1_2_20170116180509103.jpg,0
1506,22_1_3_20170104222830398.jpg,0
1507,25_0_0_20170116001254628.jpg,0
1508,35_0_0_20170117134954713.jpg,0
1510,26_1_1_20170112213310815.jpg,0
1511,24_1_2_20170116173535191.jpg,0
1512,25_0_0_20170116222936983.jpg,0
1513,22_1_2_20170116172613537.jpg,0
1514,50_0_3_20170117121752435.jpg,1
1515,24_1_0_20170105003235308.jpg,0
1516,26_1_1_20170116160229813.jpg,0
1517,35_0_0_20170117120442763.jpg,1
1518,40_0_0_20170117182850349.jpg,1
1519,22_0_2_20170116175910195.jpg,0
1520,24_1_2_20170104020528324.jpg,0
1522,32_1_3_20170109132040475.jpg,0
1523,51_1_0_20170104205943165.jpg,1
1524,24_1_0_20170117194653203.jpg,0
1525,24_1_2_20170116171152247.jpg,0
1526,21_1_3_20170104232011770.jpg,0
1527,54_1_0_20170110124214646.jpg,0
1528,62_0_0_20170111210223707.jpg,1
1529,34_0_0_20170117134914071.jpg,0
1530,26_0_1_20170113181829839.jpg,0
1531,26_0_2_20170104020643628.jpg,0
1532,26_1_3_20170117174319919.jpg,0
1533,21_0_4_20170117141839865.jpg,0
1534,70_1_0_20170110181712528.jpg,0
1535,26_0_0_20170117172931573.jpg,0
1536,48_0_1_20170117172159893.jpg,0
1537,47_1_1_20170116160640036.jpg,0
1538,30_0_0_20170117135924091.jpg,0
1539,50_0_0_20170104210147596.jpg,0
1540,26_0_0_20170113210127258.jpg,0
1541,62_1_0_20170110173810498.jpg,1
1542,34_0_1_20170117010104315.jpg,0
1543,42_0_0_20170104204536019.jpg,0
1544,28_1_0_20170117180702119.jpg,1
1545,32_0_0_20170116192543457.jpg,0
1546,28_1_2_20170116162603184.jpg,0
1547,42_1_2_20170116162349143.jpg,0
1548,29_1_0_20170109002758865.jpg,0
1549,20_0_1_20170113145424692.jpg,0
1550,47_0_0_20170104184147589.jpg,1
1551,22_0_1_20170113133336209.jpg,0
1552,24_1_4_20170117150458348.jpg,0
1553,26_1_1_20170116011425192.jpg,0
1554,47_1_0_20170109220604136.jpg,0
1555,50_1_3_20170117185207623.jpg,0
1556,35_1_1_20170112213143485.jpg,0
1557,37_0_2_20170116192041226.jpg,0
1558,33_1_4_20170117201624958.jpg,0
1559,35_1_0_20170117092205487.jpg,1
1560,52_0_0_20170104212241724.jpg,1
1561,50_0_0_20170117184546608.jpg,0
1562,50_0_0_20170116183942841.jpg,0
1563,25_0_4_20170116003106425.jpg,0
1564,26_1_2_20170117174716222.jpg,0
1565,59_0_0_20170111203716454.jpg,0
1566,32_1_1_20170114024532411.jpg,0
1568,29_0_1_20170113134817225.jpg,0
1569,20_1_0_20170117135500046.jpg,0
1571,52_0_0_20170111200615194.jpg,0
1572,79_1_0_20170110122630590.jpg,0
1573,28_0_1_20170117020048217.jpg,0
1574,25_0_0_20170117144604250.jpg,0
1575,27_1_1_20170117010009030.jpg,0
1576,35_0_0_20170116182645394.jpg,0
1577,29_0_2_20170116162050789.jpg,0
1578,47_0_1_20170113184729088.jpg,0
1579,48_0_0_20170113183802559.jpg,1
1580,27_0_1_20170117173208805.jpg,0
1581,40_0_1_20170116003656859.jpg,0
1582,23_1_2_20170116163648817.jpg,0
1583,17_0_0_20170110231615651.jpg,0
1584,24_1_2_20170116163049260.jpg,0
1585,36_1_3_20170117135521500.jpg,0
1586,26_1_2_20170116180346479.jpg,0
1587,26_1_2_20170116161848983.jpg,1
1588,26_1_1_20170112210429380.jpg,0
1589,28_1_4_20170104000708986.jpg,0
1590,16_0_0_20170116235030195.jpg,0
1591,26_0_0_20170113210605270.jpg,0
1592,21_0_1_20170113180920187.jpg,0
1593,45_0_1_20170113183252060.jpg,0
1594,60_1_0_20170110122608034.jpg,0
1596,27_0_4_20170117202219111.jpg,0
1597,40_0_0_20170117192112162.jpg,0
1598,35_1_2_20170116181314698.jpg,1
1599,16_0_0_20170110232528586.jpg,0
1600,53_1_0_20170110141257440.jpg,0
1601,32_0_1_20170113152007679.jpg,0
1602,26_1_0_20170117170217033.jpg,0
1603,18_0_4_20170103201305015.jpg,1
1605,25_1_0_20170117142901203.jpg,1
1606,26_1_1_20170116232655628.jpg,0
1607,21_0_2_20170116164809162.jpg,1
1608,22_1_3_20170105002553629.jpg,1
1609,38_1_1_20170116233335593.jpg,0
1610,26_1_0_20170112235918563.jpg,0
1611,35_0_1_20170113134747002.jpg,1
1612,40_0_4_20170117204008359.jpg,0
1613,29_1_3_20170104223300263.jpg,0
1615,34_1_0_20170103163016663.jpg,0
1616,17_0_3_20161219224759672.jpg,1
1617,23_1_1_20170113010457776.jpg,1
1618,31_0_1_20170116214505667.jpg,0
1619,39_0_2_20170116192520700.jpg,1
1621,31_1_0_20170117135716524.jpg,0
1622,39_1_1_20170117165529710.jpg,0
1623,26_0_1_20170116024841535.jpg,1
1624,66_1_0_20170110143321085.jpg,1
1625,25_0_2_20170116161907519.jpg,1
1626,17_1_4_20170103222920542.jpg,1
1627,32_0_1_20170116003725128.jpg,0
1628,29_1_2_20170105161656203.jpg,0
1629,26_0_0_20170113210127179.jpg,0
1630,27_0_0_20170116204122640.jpg,1
1631,25_1_0_20170116223859777.jpg,0
1632,26_0_1_20170116204838256.jpg,0
1633,35_1_3_20170117143024930.jpg,0
1634,28_1_1_20170112235036823.jpg,1
1635,16_0_0_20170110232141846.jpg,0
1636,24_1_4_20170103234017197.jpg,0
1637,24_0_2_20170116161928019.jpg,0
1638,37_0_0_20170104204438250.jpg,1
1639,46_1_1_20170116233714695.jpg,1
1640,52_1_0_20170110131852751.jpg,1
1641,45_0_1_20170117140619918.jpg,1
1642,37_1_4_20170117203604479.jpg,0
1643,72_1_0_20170110153738448.jpg,0
1644,27_0_3_20161220221833874.jpg,1
1645,72_1_0_20170110120829664.jpg,1
1646,26_0_3_20170117154913436.jpg,0
1647,40_0_0_20170117131053164.jpg,1
1648,24_1_0_20170117150315450.jpg,0
1649,80_0_1_20170111205416943.jpg,1
1650,26_0_2_20170116180330029.jpg,0
1651,25_1_2_20170116175245111.jpg,0
1652,30_1_3_20170104231945705.jpg,0
1653,32_1_2_20170116180734484.jpg,0
1654,29_0_0_20170109002204336.jpg,0
1655,26_1_2_20170116175323304.jpg,1
1656,54_0_0_20170105173614957.jpg,1
1657,26_0_2_20170116183029241.jpg,0
1659,53_1_0_20170110122530359.jpg,0
1660,32_1_0_20170117183907807.jpg,0
1661,38_1_2_20170109140654630.jpg,1
1662,36_0_4_20170113133645566.jpg,0
1663,25_0_4_20170103235145124.jpg,0
1664,34_0_2_20170116193015006.jpg,1
1665,25_0_0_20170116205006744.jpg,0
1667,50_0_0_20170104184249918.jpg,0
1668,25_1_0_20170116223905448.jpg,1
1669,45_0_0_20170117204039713.jpg,0
1670,23_0_3_20170116221643369.jpg,1
1671,53_1_0_20170109220746274.jpg,0
1672,29_0_2_20170104192909672.jpg,1
1673,30_0_2_20170116173409625.jpg,0
1674,26_0_1_20170117195832779.jpg,0
1675,18_1_0_20170109212647587.jpg,0
1676,32_1_0_20170117134818053.jpg,1
1677,55_0_0_20170105161419947.jpg,1
1678,23_1_0_20170117144933457.jpg,1
1679,26_1_3_20170117174106166.jpg,0
1681,26_0_1_20170113135301873.jpg,0
1682,23_0_0_20170117144620972.jpg,0
1683,30_1_3_20170117181345172.jpg,0
1686,40_1_1_20170113012253752.jpg,1
1688,40_0_0_20170117185234626.jpg,0
1689,51_0_2_20170112202949866.jpg,0
1690,38_1_4_20170109003326675.jpg,1
1691,26_0_0_20170113210126194.jpg,0
1692,67_0_0_20170104213337429.jpg,0
1693,60_1_0_20170110141334072.jpg,0
1695,24_0_0_20170116224743469.jpg,1
1696,26_0_4_20170117153243021.jpg,0
1697,40_1_0_20170117121910432.jpg,0
1699,26_0_4_20170117195657219.jpg,0
1700,60_0_0_20170104212943692.jpg,0
1701,26_0_1_20170116193423469.jpg,0
1703,80_1_0_20170110143302067.jpg,0
1704,66_1_0_20170110131902685.jpg,1
1705,28_1_3_20170117184807423.jpg,0
1706,26_1_1_20170116232803092.jpg,0
1707,26_0_1_20170113174952963.jpg,0
1708,31_0_1_20170117135505116.jpg,0
1709,46_0_1_20170117185815162.jpg,0
1710,23_1_0_20170103180414191.jpg,1
1711,39_0_0_20170117141453339.jpg,0
1712,29_0_0_20170117094526002.jpg,0
1713,28_1_2_20170116192600926.jpg,0
1714,18_1_0_20170109205411880.jpg,1
1715,24_1_1_20170117194553428.jpg,0
1716,26_1_1_20170116023939164.jpg,0
1717,50_0_3_20170111222312455.jpg,1
1718,40_1_1_20170113001152068.jpg,1
1719,44_1_0_20170117190014098.jpg,0
1720,24_0_3_20170104214521685.jpg,0
1721,58_1_0_20170104235908396.jpg,0
1722,42_0_0_20170117185755243.jpg,0
1724,29_0_0_20170116182424711.jpg,0
1725,38_1_0_20170104200929513.jpg,0
1726,31_0_3_20170104231444482.jpg,0
1727,45_0_0_20170117174733520.jpg,0
1729,28_1_1_20170117022211139.jpg,1
1730,38_0_0_20170117135518125.jpg,0
1731,27_0_1_20170117013659556.jpg,0
1732,26_1_2_20170104022654101.jpg,0
1733,34_0_0_20170117182731575.jpg,0
1734,70_1_0_20170110122851852.jpg,0
1735,36_1_1_20170112224139515.jpg,0
1736,26_1_1_20170112210330228.jpg,0
1737,26_1_1_20170113000455266.jpg,0
1738,42_1_2_20170109135854714.jpg,0
1739,39_1_4_20170103163548640.jpg,0
1740,24_1_3_20170117145444188.jpg,0
1741,21_0_0_20170116201127126.jpg,1
1742,30_1_2_20170117134233879.jpg,1
1744,26_1_0_20170103181710200.jpg,0
1745,40_0_1_20170116143000824.jpg,0
1747,35_1_0_20170117175625946.jpg,0
1749,28_1_2_20170116190120925.jpg,0
1750,26_0_1_20170113134330586.jpg,0
1751,24_1_2_20170116172645816.jpg,1
1752,40_1_1_20170113010421198.jpg,1
1753,25_1_1_20170116001936456.jpg,0
1754,64_1_0_20170110141132057.jpg,1
1755,55_1_0_20170103183939755.jpg,1
1756,44_0_4_20170117204035832.jpg,1
1757,52_0_3_20170109142447723.jpg,0
1758,47_0_1_20170114034328343.jpg,1
1759,40_0_0_20170109012159348.jpg,1
1760,56_1_0_20170110141434080.jpg,0
1761,44_0_3_20170113001948987.jpg,0
1762,47_0_0_20170108225958118.jpg,0
1763,34_0_0_20170117104600843.jpg,0
1764,43_0_1_20170104184132454.jpg,0
1765,35_0_1_20170117143202320.jpg,1
1766,34_0_1_20170117020029793.jpg,1
1768,42_0_4_20170113174904299.jpg,1
1769,28_1_4_20170103182235849.jpg,1
1770,28_1_1_20170116164832811.jpg,0
1771,43_1_0_20170103183354850.jpg,0
1772,18_1_0_20170117140343665.jpg,1
1773,41_1_3_20170109140751299.jpg,1
1774,35_0_0_20170105172445389.jpg,1
1775,22_1_2_20170116162522559.jpg,0
1776,40_1_0_20170112233604223.jpg,0
1777,30_1_0_20170116220947988.jpg,1
1778,28_1_3_20170104221016727.jpg,0
1779,39_1_0_20170103184109643.jpg,0
1780,58_1_0_20170109015200826.jpg,0
1782,17_0_1_20170117170512970.jpg,0
1783,24_1_1_20170117013833600.jpg,0
1784,34_1_0_20170116180053899.jpg,0
1785,31_1_1_20170117135704010.jpg,1
1786,37_0_0_20170102233603627.jpg,0
1787,32_0_0_20170117203115358.jpg,0
1788,52_1_0_20170104192618431.jpg,0
1789,23_0_1_20170114033534348.jpg,0
1790,21_0_0_20170103223223127.jpg,0
1791,33_0_0_20170105165028532.jpg,1
1792,30_1_3_20170104214339133.jpg,0
1793,54_0_0_20170111171747448.jpg,0
1794,25_1_3_20170104234944475.jpg,1
1795,26_0_0_20170117200723805.jpg,0
1796,36_0_1_20170117154315346.jpg,0
1797,23_0_0_20170105184121759.jpg,0
1798,26_0_0_20170116193141738.jpg,0
1799,43_1_1_20170110120856819.jpg,0
1800,50_0_3_20170113190305936.jpg,1
1801,26_1_2_20170116183804232.jpg,0
1802,26_1_4_20170117200211019.jpg,0
1803,51_1_0_20170110123256915.jpg,0
1804,39_0_0_20170117185152073.jpg,0
1805,26_1_3_20170117173653317.jpg,1
1806,16_1_3_20170104222158160.jpg,1
1807,26_0_1_20170117020645902.jpg,0
1808,42_0_3_20170117135542270.jpg,0
1811,24_1_2_20170116170612853.jpg,0
1812,40_0_0_20170117182937462.jpg,0
1813,22_0_0_20170117140942783.jpg,1
1814,30_1_2_20170116192241195.jpg,0
1815,26_1_1_20170112211527323.jpg,0
1816,29_0_0_20170104165027441.jpg,1
1818,80_0_0_20170111211700924.jpg,0
1819,56_1_0_20170103162933143.jpg,0
1820,25_1_1_20170113011606928.jpg,1
1821,30_0_2_20170116191231876.jpg,0
1822,63_1_0_20170110143421537.jpg,
1824,26_0_2_20170116184721092.jpg,0
1825,35_0_3_20170109140717487.jpg,1
1826,25_1_0_20170103163054063.jpg,1
1827,47_0_4_20170116030339319.jpg,0
1828,34_0_0_20170117135123537.jpg,0
1829,42_0_2_20170117130543345.jpg,1
1830,28_1_4_20170103235557846.jpg,0
1831,39_1_3_20170104220213820.jpg,0
1832,22_1_3_20170104232054915.jpg,0
1833,29_1_2_20170116162732878.jpg,0
1834,42_0_3_20170105172357317.jpg,0
1835,46_1_1_20170116001421842.jpg,0
1836,23_1_0_20170103234935189.jpg,1
1838,80_1_0_20170110153307958.jpg,0
1839,63_1_0_20170110160643860.jpg,0
1840,32_0_3_20170104220341542.jpg,0
1841,24_1_1_20170115235804280.jpg,0
1842,25_0_1_20170117012445920.jpg,0
1843,20_0_1_20170113174858707.jpg,0
1844,28_1_1_20170115235613653.jpg,1
1845,31_1_3_20170109132020731.jpg,0
1846,26_0_2_20170116182411806.jpg,0
1847,27_0_0_20170104231544105.jpg,0
1848,39_1_2_20170116192459890.jpg,0
1850,38_1_0_20170105001437325.jpg,1
1851,35_1_0_20170105172544509.jpg,0
1852,26_1_1_20170113000003360.jpg,0
1854,24_0_3_20170117144123778.jpg,0
1855,35_0_0_20170117180543647.jpg,0
1856,38_0_3_20170117162532923.jpg,0
1858,26_0_2_20170116175904702.jpg,0
1859,68_0_0_20170111221712885.jpg,0
1860,20_1_1_20170112231407182.jpg,1
1861,37_0_0_20170117183624982.jpg,0
1862,60_1_0_20170110143449132.jpg,1
1863,38_0_0_20170117125958451.jpg,1
1864,26_0_0_20170117195441085.jpg,0
1865,20_1_0_20170103175629504.jpg,1
1866,34_0_2_20170116193324984.jpg,0
1867,21_1_0_20170109213908912.jpg,1
1868,24_0_4_20170117145619730.jpg,0
1869,27_1_2_20170116190003226.jpg,0
1870,35_0_0_20170117145906651.jpg,0
1871,43_0_0_20170117155102419.jpg,1
1872,55_1_2_20161219153926437.jpg,0
1873,24_1_1_20170113011157712.jpg,0
1874,48_1_0_20170108224903494.jpg,0
1875,28_0_3_20170117180210549.jpg,0
1876,36_0_0_20170105171802956.jpg,0
1877,48_0_1_20170113183700797.jpg,0
1879,26_1_0_20170116234644899.jpg,0
1880,27_0_0_20170103181014215.jpg,0
1882,27_1_3_20170104231620409.jpg,0
1883,33_0_1_20170117173931669.jpg,0
1884,28_0_1_20170113133358713.jpg,0
1885,53_0_1_20170104212415796.jpg,0
1886,48_0_1_20170113185049416.jpg,0
1887,25_1_3_20170117152028652.jpg,0
1888,25_1_0_20170113005444622.jpg,0
1889,40_0_0_20170113134225018.jpg,1
1890,25_1_3_20170104234854715.jpg,0
1891,20_1_1_20170112191224819.jpg,0
1892,45_1_0_20170117175418025.jpg,0
1893,40_0_0_20170117150100146.jpg,1
1894,19_1_1_20170114030819891.jpg,0
1895,17_1_0_20170117135219333.jpg,1
1896,26_1_2_20170116183651297.jpg,0
1897,24_0_0_20170117135702616.jpg,0
1898,24_1_2_20170116163720881.jpg,0
1899,25_0_4_20170117151354244.jpg,0
1900,16_1_0_20170102234805899.jpg,1
1902,16_1_0_20170109213044006.jpg,0
1903,17_0_0_20170110232257182.jpg,0
1905,30_0_2_20170116192739617.jpg,0
1906,35_1_0_20170117144916091.jpg,0
1907,37_1_0_20170103183019306.jpg,1
1910,29_0_1_20170117105022445.jpg,0
1913,60_1_0_20170110151506029.jpg,0
1914,80_0_0_20170110183557670.jpg,0
1915,29_0_1_20170117104606138.jpg,1
1916,66_0_0_20170104213607429.jpg,1
1917,63_0_0_20170104213259957.jpg,1
1918,29_1_2_20170116162958843.jpg,0
1919,27_0_3_20170104214555317.jpg,0
1920,29_1_0_20170114031410630.jpg,0
1923,25_0_0_20170117193028403.jpg,1
1924,36_1_1_20170116014023777.jpg,0
1925,28_0_1_20170113151347800.jpg,0
1926,38_1_1_20170116012120261.jpg,0
1927,73_0_0_20170104213655621.jpg,1
1928,25_0_4_20170117155154894.jpg,0
1929,26_1_3_20170104215610550.jpg,1
1930,18_1_0_20170109213010399.jpg,0
1931,28_0_1_20170117022127921.jpg,0
1932,30_0_1_20170117120438367.jpg,1
1933,33_1_4_20170103181754609.jpg,0
1934,16_1_0_20170103201016775.jpg,1
1935,20_0_0_20170113133053319.jpg,0
1936,32_0_0_20170116210057148.jpg,0
1937,38_0_0_20170117175858084.jpg,0
1939,26_0_2_20170116181222639.jpg,0
1940,37_0_1_20170113173824723.jpg,1
1941,31_0_4_20170105161451773.jpg,0
1942,26_1_2_20170116184626759.jpg,0
1944,62_0_0_20170111204505433.jpg,0
1947,38_1_0_20170117121950680.jpg,1
1948,28_0_1_20170113142348356.jpg,0
1950,39_0_1_20170113134310831.jpg,0
1951,25_0_3_20170104214432805.jpg,0
1952,20_1_0_20170112231826743.jpg,1
1954,50_0_0_20170117172638411.jpg,0
1955,30_1_1_20170117125901915.jpg,0
1956,29_0_1_20170117022429192.jpg,0
1958,37_1_3_20170104235312145.jpg,0
1959,22_1_3_20170104222152991.jpg,0
1960,16_0_4_20170103233832570.jpg,0
1961,40_0_0_20170104165249089.jpg,1
1962,34_0_4_20170104201954962.jpg,1
1963,31_1_0_20170105162708403.jpg,1
1964,27_1_2_20161219212633638.jpg,1
1966,23_0_1_20170113133855489.jpg,0
1967,67_1_3_20170109150650035.jpg,0
1968,40_0_0_20170117130926545.jpg,0
1969,24_0_4_20170103234950908.jpg,1
1970,26_1_0_20170116153823864.jpg,0
1971,26_1_3_20170117153624660.jpg,0
1972,75_0_1_20170111210115928.jpg,1
1974,22_1_1_20170112203855123.jpg,0
1975,24_1_1_20170112203907818.jpg,0
1976,29_1_1_20170113012557033.jpg,0
1977,31_1_1_20170117164303317.jpg,0
1980,30_1_3_20170104231929137.jpg,0
1981,45_0_0_20170117185022457.jpg,0
1982,53_1_0_20170108224819091.jpg,0
1983,28_1_0_20170117180423496.jpg,1
1984,24_1_2_20170116165619547.jpg,0
1985,67_1_0_20170110143255682.jpg,1
1986,50_1_2_20170104210635740.jpg,1
1987,44_0_1_20170113154757026.jpg,0
1988,18_1_2_20170104020424141.jpg,0
1989,35_1_0_20170104181321972.jpg,0
1990,54_1_0_20170109132244248.jpg,0
1991,25_1_0_20170116223125337.jpg,0
1992,50_0_0_20170117135034485.jpg,1
1993,50_0_3_20170117181143891.jpg,0
1994,26_1_1_20170116160918398.jpg,0
1995,35_1_0_20170117135354644.jpg,1
1996,42_1_0_20170117204000071.jpg,1
1997,27_1_2_20170116163822402.jpg,1
1998,35_0_0_20170104172415386.jpg,1
1999,25_0_0_20170104011143168.jpg,0
2000,21_0_4_20161223214833090.jpg,0
2001,27_0_4_20170117202117229.jpg,1
2002,37_1_1_20170117164315529.jpg,0
2003,26_0_0_20170113182320758.jpg,0
2004,35_0_0_20170117180339845.jpg,0
2005,26_1_4_20170117201650134.jpg,0
2006,50_1_0_20170117092157802.jpg,1
2007,18_1_4_20170103224632313.jpg,0
2008,34_0_2_20170116193420245.jpg,0
2009,16_1_4_20170103201025695.jpg,1
2010,28_1_2_20170116165147900.jpg,0
2011,51_1_0_20170109010116440.jpg,1
2012,35_0_0_20170117191345092.jpg,0
2013,26_1_0_20170116235548284.jpg,0
2014,60_1_1_20170110122649846.jpg,0
2016,22_0_2_20170104020041910.jpg,0
2017,35_1_1_20170112235121616.jpg,1
2018,26_1_1_20170112213007903.jpg,0
2019,38_0_1_20170116001041187.jpg,0
2020,24_0_0_20170117150336900.jpg,1
2021,26_1_0_20170117005855768.jpg,0
2022,35_0_1_20170113185408776.jpg,0
2023,60_1_0_20170110141023577.jpg,1
2024,70_1_0_20170109150852960.jpg,0
2025,23_0_0_20170117144552915.jpg,0
2026,35_0_3_20170117171648788.jpg,0
2027,21_0_2_20170116165220655.jpg,1
2028,45_0_1_20170113155252610.jpg,1
2029,42_0_0_20170109012239137.jpg,0
2030,26_0_2_20170116181352905.jpg,0
2032,60_1_0_20170110140637026.jpg,1
2033,30_1_0_20170117160402167.jpg,0
2034,79_0_0_20170111223823788.jpg,1
2035,25_0_1_20170114032830907.jpg,0
2036,28_0_0_20170117120912350.jpg,0
2037,48_1_2_20170109002813437.jpg,1
2038,23_1_1_20170117013843049.jpg,1
2039,27_1_2_20170116163755263.jpg,0
2040,26_0_1_20170117195651493.jpg,0
2041,35_0_0_20170117172936549.jpg,0
2042,58_0_0_20170104185326934.jpg,1
2043,23_1_4_20170103233611875.jpg,1
2044,24_1_2_20170116174521873.jpg,0
2045,36_0_3_20170117183319878.jpg,0
2047,77_0_0_20170109015126245.jpg,0
2049,53_0_1_20170104172747354.jpg,0
2050,46_0_1_20170117171118355.jpg,0
2051,26_1_1_20170116012157847.jpg,0
2052,24_0_0_20170116205634434.jpg,1
2053,42_0_0_20170117154753026.jpg,1
2054,26_1_1_20170116014015136.jpg,1
2055,23_1_2_20170116173127575.jpg,0
2056,24_1_2_20170104021917324.jpg,0
2057,41_1_1_20170116160535875.jpg,0
2058,44_0_0_20170104210021804.jpg,1
2059,48_0_0_20170109012405234.jpg,1
2060,45_0_0_20170104202521936.jpg,1
2062,20_0_0_20170116201311689.jpg,0
2063,75_1_0_20170110183152937.jpg,1
2064,26_1_0_20170105183649031.jpg,0
2065,20_1_4_20170103223033527.jpg,0
2066,35_0_0_20170117175758802.jpg,1
2067,28_0_0_20170116220549107.jpg,1
2068,40_0_2_20170116233718823.jpg,1
2069,33_1_0_20170112211922374.jpg,0
2070,34_1_0_20170103183107138.jpg,1
2071,45_0_0_20170117172543924.jpg,0
2072,34_1_4_20170104165941169.jpg,1
2073,27_0_0_20170117202102927.jpg,0
2074,38_0_1_20170116003739269.jpg,0
2075,26_1_1_20170117174033437.jpg,0
2076,65_0_0_20170111171747629.jpg,0
2077,52_0_1_20170111204341094.jpg,0
2078,35_0_4_20170117132531670.jpg,0
2079,40_1_0_20170117144921201.jpg,0
2080,21_0_1_20170117135810975.jpg,1
2081,27_1_3_20170104220643526.jpg,0
2082,35_0_0_20170117134936879.jpg,1
2083,30_1_2_20170116163932623.jpg,0
2084,18_1_0_20170103201359471.jpg,0
2086,16_0_0_20170110231221050.jpg,1
2087,54_0_0_20170104170659826.jpg,0
2088,32_1_2_20170116184323930.jpg,0
2089,17_0_3_20170117152534037.jpg,0
2090,37_1_0_20170117160423705.jpg,0
2091,26_1_4_20170117154131789.jpg,0
2092,60_1_0_20170110154145935.jpg,0
2093,26_0_1_20170113135316041.jpg,0
2094,26_0_2_20170116180859386.jpg,1
2095,31_1_1_20170117171933533.jpg,0
2096,40_1_1_20170113011754567.jpg,0
2097,28_0_1_20170113011940681.jpg,0
2099,23_0_0_20170116221710870.jpg,0
2100,25_1_0_20170117134947430.jpg,0
2101,28_0_0_20170117202533919.jpg,1
2102,57_0_0_20170105173211517.jpg,0
2103,30_1_1_20170112215102792.jpg,1
2105,45_0_4_20170104200726522.jpg,0
2106,40_1_0_20170116232924702.jpg,0
2107,40_0_0_20170104204933500.jpg,0
2108,25_0_1_20170103180757928.jpg,0
2109,40_0_0_20170116212312565.jpg,1
2110,35_1_0_20170103181546899.jpg,1
2111,37_1_2_20170105162546659.jpg,1
2112,39_1_0_20170103182515161.jpg,0
2113,28_0_1_20170113161237182.jpg,0
2114,38_0_0_20170117141721964.jpg,0
2115,70_0_0_20170111205843899.jpg,1
2116,49_1_0_20170104183921310.jpg,0
2117,53_1_0_20170110123801468.jpg,0
2118,37_1_2_20170105172724340.jpg,0
2119,29_1_2_20170116165527351.jpg,1
2120,24_1_0_20170105183859832.jpg,1
2121,25_1_1_20170112205034330.jpg,0
2123,33_0_0_20170113210127212.jpg,0
2124,22_1_1_20170112214852574.jpg,0
2125,26_1_1_20170116013947455.jpg,0
2126,32_0_0_20170117140353209.jpg,0
2127,25_1_2_20170116174831551.jpg,0
2128,46_0_0_20170104205733811.jpg,0
2130,28_1_0_20170116164219746.jpg,0
2131,30_1_2_20170116174642075.jpg,0
2132,70_1_0_20170110141403561.jpg,0
2133,40_1_4_20170103230416025.jpg,0
2134,65_1_0_20170110132446063.jpg,1
2135,38_1_4_20170117203658976.jpg,0
2136,38_0_4_20170104000126452.jpg,0
2137,25_1_0_20170103180657288.jpg,1
2140,41_0_0_20170117191224723.jpg,0
